t,dt_ciclo,F,raw,eta_campione_ms,c,u,u_us_letto,azione,n_scartati
0.0200,20.00,-0.0008,95564,0.5,0.1879,3.758,1472,-0.7097,1
0.0400,20.00,-0.0019,95769,0.0,0.2901,5.802,1385,-0.4945,1
0.0600,20.00,-0.0024,95884,7.7,0.3992,7.985,1337,-0.2647,1
0.0800,20.00,-0.0015,95693,7.4,0.4969,9.937,1287,-0.0592,1
0.1000,20.00,-0.0012,95642,6.8,0.5486,10.972,1241,0.0497,1
0.1200,20.00,-0.0017,95737,6.4,0.5638,11.276,1217,0.0817,1
0.1400,20.00,-0.0006,95508,9.9,0.5723,11.445,1210,0.0995,1
0.1600,20.00,-0.0018,95752,9.5,0.5761,11.522,1206,0.1075,1
0.1800,20.00,-0.0016,95706,9.0,0.5736,11.473,1205,0.1024,1
0.2000,20.00,-0.0014,95670,8.5,0.5706,11.411,1206,0.0959,1
0.2200,20.00,-0.0019,95774,8.0,0.5715,11.430,1207,0.0978,1
0.2400,20.00,-0.0016,95715,7.5,0.5709,11.419,1207,0.0967,1
0.2600,20.00,-0.0012,95634,7.1,0.5628,11.255,1207,0.0795,1
0.2800,20.00,0.5413,-12846,6.7,0.7314,14.628,1211,0.4346,1
0.3000,20.00,1.9375,-292002,6.2,0.0936,1.873,1133,-0.9081,1
0.3200,20.00,0.7758,-59720,5.7,0.4344,8.687,1429,-0.1908,1
0.3400,20.00,1.6124,-227007,5.3,0.1825,3.649,1270,-0.7211,1
0.3600,20.00,1.1129,-127123,8.7,0.4720,9.439,1387,-0.1116,1
0.3800,20.00,1.1753,-139601,8.3,0.4930,9.859,1253,-0.0674,1
0.4000,19.99,1.1814,-140827,7.7,0.4886,9.771,1243,-0.0767,1
0.4200,20.00,1.0778,-120109,7.3,0.5389,10.777,1245,0.0292,1
0.4400,20.00,1.3362,-171777,6.8,0.3764,7.528,1222,-0.3129,1
0.4600,20.00,1.1714,-138818,6.4,0.4439,8.877,1297,-0.1708,1
0.4800,20.00,1.4154,-187613,6.0,0.2590,5.180,1266,-0.5600,1
0.5000,20.00,1.2152,-147578,5.5,0.3643,7.285,1352,-0.3384,1
0.5200,20.00,1.3517,-174868,5.0,0.2871,5.743,1303,-0.5008,1
0.5400,20.00,1.1420,-132955,4.6,0.3647,7.295,1339,-0.3374,1
0.5600,20.02,1.2109,-146727,8.1,0.3296,6.593,1303,-0.4113,1
0.5800,19.98,1.1353,-131600,7.6,0.3708,7.415,1319,-0.3247,1
0.6000,20.00,1.1414,-132835,7.1,0.3773,7.545,1300,-0.3110,1
0.6200,20.00,1.1181,-128163,6.6,0.3987,7.975,1297,-0.2658,1
0.6400,20.00,1.1080,-126153,6.1,0.4141,8.281,1287,-0.2336,1
0.6600,20.00,1.1415,-132855,5.7,0.4006,8.013,1280,-0.2618,1
0.6800,20.00,1.1248,-129499,5.2,0.4119,8.237,1286,-0.2382,1
0.7000,20.00,1.1898,-142496,4.7,0.3770,7.540,1281,-0.3116,1
0.7200,20.00,1.1588,-136300,4.3,0.3849,7.698,1297,-0.2950,1
0.7400,20.00,1.2023,-145012,3.9,0.3540,7.079,1293,-0.3601,1
0.7600,20.00,1.1656,-137672,3.4,0.3689,7.378,1308,-0.3286,1
0.7800,20.00,1.1732,-139191,6.9,0.3650,7.301,1301,-0.3367,1
0.8000,20.00,1.1372,-131991,6.4,0.3874,7.748,1303,-0.2897,1
0.8200,20.00,1.1638,-137306,5.9,0.3771,7.541,1292,-0.3114,1
0.8400,20.00,1.1301,-130575,5.5,0.3965,7.929,1297,-0.2706,1
0.8600,20.00,1.1697,-138479,5.0,0.3778,7.556,1288,-0.3099,1
0.8800,20.00,1.1616,-136857,4.5,0.3788,7.576,1297,-0.3078,1
0.9000,20.00,1.1614,-136817,4.0,0.3784,7.569,1296,-0.3086,1
0.9200,20.00,1.1730,-139142,3.6,0.3697,7.393,1296,-0.3270,1
0.9400,20.00,1.1482,-134183,3.2,0.3831,7.663,1301,-0.2987,1
0.9600,20.00,1.1828,-141106,2.7,0.3627,7.255,1294,-0.3416,1
0.9800,20.00,1.1465,-133838,2.3,0.3818,7.637,1304,-0.3014,1
1.0000,20.00,1.1736,-139256,5.7,0.3684,7.367,1295,-0.3298,1
1.0200,20.00,1.1584,-136217,5.2,0.3750,7.500,1301,-0.3158,1
1.0400,20.00,1.1520,-134943,4.7,0.3805,7.609,1298,-0.3043,1
1.0600,20.00,1.1567,-135888,4.3,0.3794,7.587,1295,-0.3066,1
1.0800,20.00,1.1521,-134966,3.8,0.3825,7.649,1296,-0.3001,1
1.1000,20.00,1.1578,-136112,3.3,0.3801,7.603,1295,-0.3050,1
1.1200,20.00,1.1498,-134512,2.9,0.3848,7.696,1296,-0.2952,1
1.1400,20.00,1.1663,-137797,2.4,0.3762,7.523,1293,-0.3134,1
1.1600,20.00,1.1365,-131843,2.0,0.3920,7.840,1298,-0.2800,1
1.1800,20.00,1.1762,-139777,1.6,0.3722,7.443,1290,-0.3218,1
1.2000,20.00,1.1545,-135444,5.0,0.3804,7.609,1299,-0.3043,1
1.2200,20.00,1.1831,-141164,4.5,0.3617,7.234,1295,-0.3438,1
1.2400,20.00,1.1584,-136215,4.1,0.3731,7.462,1304,-0.3198,1
1.2600,20.00,1.1791,-140358,3.6,0.3599,7.198,1299,-0.3476,1
1.2800,20.00,1.1601,-136569,3.1,0.3691,7.382,1305,-0.3282,1
1.3000,20.00,1.1756,-139657,2.6,0.3597,7.195,1301,-0.3479,1
1.3200,20.00,1.1293,-130398,2.2,0.3882,7.764,1305,-0.2880,1
1.3400,20.00,1.1736,-139254,1.7,0.3685,7.370,1292,-0.3295,1
1.3600,20.00,1.1289,-130321,1.3,0.3921,7.843,1301,-0.2797,1
1.3800,20.00,1.1490,-134348,0.8,0.3859,7.719,1290,-0.2927,1
1.4000,20.00,1.1566,-135867,0.4,0.3822,7.644,1293,-0.3007,1
1.4200,20.00,1.1704,-138617,3.9,0.3727,7.454,1295,-0.3206,1
1.4400,20.00,1.2032,-145192,3.4,0.3450,6.900,1299,-0.3789,1
1.4600,20.00,1.1729,-139115,2.9,0.3565,7.129,1312,-0.3548,1
1.4800,20.00,1.1841,-141368,2.4,0.3486,6.972,1307,-0.3713,1
1.5000,20.00,1.1352,-131594,1.9,0.3791,7.582,1310,-0.3071,1
1.5200,20.00,1.1532,-135193,1.5,0.3757,7.513,1296,-0.3144,1
1.5400,20.00,1.1056,-125671,1.0,0.4059,8.118,1298,-0.2508,1
1.5600,20.00,1.1649,-137525,0.6,0.3792,7.585,1284,-0.3069,1
1.5800,20.00,1.1235,-129241,0.1,0.3999,7.998,1296,-0.2633,1
1.6000,20.00,1.1670,-137939,11.8,0.3805,7.610,1286,-0.3042,1
1.6200,20.00,1.1618,-136905,11.4,0.3791,7.583,1295,-0.3071,1
1.6400,20.00,1.1912,-142785,2.7,0.3558,7.116,1296,-0.3562,1
1.6600,20.00,1.1750,-139552,2.2,0.3586,7.171,1307,-0.3504,1
1.6800,20.00,1.1644,-137416,1.7,0.3643,7.286,1306,-0.3383,1
1.7000,20.00,1.1537,-135284,1.3,0.3733,7.466,1303,-0.3193,1
1.7200,20.00,1.1325,-131051,0.8,0.3882,7.764,1299,-0.2880,1
1.7400,20.00,1.1216,-128859,0.3,0.3993,7.986,1292,-0.2646,1
1.7600,20.00,1.1231,-129164,12.1,0.4038,8.077,1287,-0.2551,1
1.7800,20.00,1.1473,-133997,11.6,0.3942,7.884,1285,-0.2754,1
1.8000,20.00,1.1464,-133830,11.1,0.3945,7.890,1289,-0.2747,1
1.8200,20.00,1.1712,-138783,10.7,0.3803,7.607,1289,-0.3046,1
1.8400,20.00,1.1616,-136862,2.0,0.3800,7.600,1295,-0.3052,1
1.8600,20.00,1.2064,-145823,1.6,0.3460,6.920,1296,-0.3768,1
1.8800,20.00,1.1423,-133013,1.1,0.3789,7.577,1311,-0.3077,1
1.9000,20.00,1.1725,-139049,0.6,0.3652,7.303,1296,-0.3365,1
1.9200,20.00,1.1274,-130017,0.1,0.3906,7.811,1303,-0.2830,1
1.9400,20.00,1.1014,-124819,8.0,0.4127,8.253,1291,-0.2365,1
1.9600,20.00,1.1847,-141489,11.4,0.3739,7.477,1281,-0.3182,1
1.9800,20.00,1.1248,-129515,10.9,0.3985,7.970,1298,-0.2663,1
2.0000,20.00,1.1773,-140003,10.5,0.3747,7.495,1287,-0.3164,1
2.0200,20.00,1.1316,-130860,10.0,0.3943,7.885,1298,-0.2752,1
2.0400,20.00,1.1796,-140468,9.5,0.3712,7.425,1289,-0.3237,1
2.0600,20.00,1.1488,-134295,0.9,0.3828,7.657,1300,-0.2993,1
2.0800,20.00,1.1909,-142714,0.4,0.3557,7.114,1294,-0.3564,1
2.1000,20.00,1.1425,-133036,8.2,0.3806,7.613,1307,-0.3039,1
2.1200,20.00,1.1726,-139055,7.7,0.3664,7.327,1295,-0.3340,1
2.1400,20.00,1.1107,-126679,7.3,0.4006,8.012,1302,-0.2619,1
2.1600,20.00,1.1648,-137500,6.8,0.3779,7.559,1286,-0.3096,1
2.1800,20.00,1.1242,-129389,10.3,0.3976,7.952,1297,-0.2682,1
2.2000,20.00,1.1505,-134654,9.8,0.3880,7.760,1288,-0.2884,1
2.2200,20.00,1.1451,-133558,9.3,0.3905,7.810,1292,-0.2831,1
2.2400,20.00,1.1548,-135505,8.8,0.3859,7.718,1291,-0.2929,1
2.2600,20.00,1.1563,-135814,0.2,0.3836,7.673,1293,-0.2976,1
2.2800,20.00,1.1583,-136200,7.9,0.3812,7.624,1294,-0.3028,1
2.3000,20.00,1.1780,-140139,7.4,0.3665,7.331,1295,-0.3336,1
2.3200,20.00,1.1587,-136283,7.0,0.3740,7.481,1302,-0.3178,1
2.3400,20.00,1.1451,-133559,6.6,0.3829,7.659,1298,-0.2991,1
2.3600,20.00,1.1482,-134194,6.1,0.3831,7.662,1294,-0.2987,1
2.3800,20.00,1.1677,-138085,9.6,0.3726,7.451,1294,-0.3209,1
2.4000,20.00,1.1455,-133652,9.1,0.3830,7.660,1299,-0.2989,1
2.4200,20.00,1.1844,-141418,8.6,0.3595,7.191,1294,-0.3483,1
2.4400,20.01,1.1727,-139082,8.2,0.3592,7.183,1305,-0.3491,1
2.4600,19.99,1.1744,-139421,7.7,0.3559,7.119,1305,-0.3559,1
2.4800,20.00,1.1443,-133406,7.2,0.3757,7.514,1307,-0.3144,1
2.5000,20.00,1.1385,-132250,6.7,0.3836,7.672,1298,-0.2977,1
2.5200,20.00,1.1325,-131043,6.3,0.3900,7.799,1294,-0.2843,1
2.5400,20.00,1.1320,-130945,5.9,0.3935,7.870,1291,-0.2768,1
2.5600,20.00,1.1424,-133026,5.4,0.3912,7.824,1289,-0.2817,1
2.5800,20.00,1.1802,-140589,4.9,0.3711,7.421,1291,-0.3241,1
2.6000,20.00,1.1818,-140909,8.4,0.3593,7.187,1300,-0.3488,1
2.6200,20.00,1.1861,-141769,7.9,0.3503,7.006,1305,-0.3678,1
2.6400,20.00,1.1776,-140061,7.5,0.3512,7.025,1309,-0.3658,1
2.6600,20.00,1.1725,-139050,7.0,0.3525,7.050,1309,-0.3631,1
2.6800,20.00,1.1590,-136342,6.5,0.3610,7.219,1308,-0.3453,1
2.7000,20.00,1.1688,-138307,6.0,0.3562,7.124,1304,-0.3554,1
2.7200,20.00,1.1543,-135411,5.6,0.3658,7.315,1307,-0.3352,1
2.7400,20.00,1.1650,-137550,5.2,0.3612,7.223,1302,-0.3449,1
2.7600,20.00,1.1332,-131187,4.7,0.3816,7.633,1304,-0.3018,1
2.7800,20.00,1.1344,-131431,4.3,0.3859,7.718,1295,-0.2928,1
2.8000,20.00,1.1401,-132573,7.7,0.3859,7.717,1293,-0.2929,1
2.8200,20.00,1.1255,-129642,7.3,0.3957,7.915,1293,-0.2721,1
2.8400,20.00,1.1605,-136650,6.7,0.3818,7.636,1288,-0.3015,1
2.8600,19.99,1.1291,-130360,6.3,0.3960,7.920,1295,-0.2716,1
2.8800,20.00,1.1873,-141994,5.8,0.3670,7.339,1288,-0.3327,1
2.9000,20.00,1.1461,-133771,5.3,0.3820,7.641,1302,-0.3010,1
2.9200,20.00,1.1847,-141476,4.9,0.3593,7.187,1295,-0.3488,1
2.9400,20.00,1.1677,-138085,4.4,0.3620,7.240,1305,-0.3432,1
2.9600,20.00,1.1776,-140071,4.0,0.3535,7.070,1304,-0.3611,1
2.9800,20.00,1.1645,-137452,3.5,0.3589,7.179,1308,-0.3496,1
3.0000,20.00,1.1615,-136845,3.1,0.3620,7.239,1305,-0.3432,1
3.0200,20.00,1.1490,-134343,6.6,0.3720,7.440,1304,-0.3221,1
3.0400,20.00,1.1278,-130112,6.1,0.3868,7.736,1299,-0.2909,1
3.0600,20.00,1.1479,-134129,5.6,0.3803,7.607,1292,-0.3046,1
3.0800,20.00,1.1292,-130376,5.1,0.3912,7.824,1295,-0.2817,1
3.1000,20.00,1.1394,-132423,4.6,0.3901,7.802,1291,-0.2840,1
3.1200,20.00,1.1513,-134800,4.2,0.3856,7.712,1291,-0.2935,1
3.1400,20.00,1.1839,-141326,3.7,0.3643,7.286,1293,-0.3383,1
3.1600,20.00,1.1550,-135537,3.3,0.3744,7.488,1303,-0.3171,1
3.1800,20.00,1.1557,-135684,2.8,0.3747,7.495,1298,-0.3163,1
3.2000,20.00,1.1503,-134596,2.4,0.3779,7.557,1298,-0.3098,1
3.2200,20.00,1.1527,-135082,1.9,0.3773,7.546,1297,-0.3110,1
3.2400,20.00,1.1643,-137396,5.4,0.3707,7.413,1297,-0.3249,1
3.2600,20.00,1.1460,-133743,4.9,0.3792,7.585,1300,-0.3068,1
3.2800,20.00,1.1619,-136920,4.4,0.3720,7.440,1296,-0.3221,1
3.3000,20.00,1.1519,-134925,3.9,0.3759,7.519,1299,-0.3138,1
3.3200,20.00,1.1755,-139644,3.5,0.3611,7.222,1298,-0.3450,1
3.3400,20.00,1.1185,-128238,3.0,0.3920,7.840,1304,-0.2800,1
3.3600,20.00,1.1681,-138160,2.6,0.3718,7.436,1290,-0.3226,1
3.3800,20.00,1.1084,-126218,2.1,0.4008,8.015,1299,-0.2615,1
3.4000,20.00,1.1939,-143330,1.7,0.3613,7.227,1286,-0.3446,1
3.4200,20.00,1.1405,-132646,1.2,0.3821,7.643,1304,-0.3007,1
3.4400,20.00,1.1908,-142699,4.7,0.3531,7.062,1295,-0.3618,1
3.4600,20.00,1.1639,-137325,4.2,0.3610,7.219,1308,-0.3454,1
3.4800,20.00,1.1735,-139234,3.7,0.3546,7.092,1304,-0.3588,1
3.5000,19.99,1.1427,-133080,3.2,0.3740,7.479,1308,-0.3180,1
3.5200,20.00,1.1458,-133695,2.7,0.3766,7.531,1298,-0.3125,1
3.5400,20.00,1.1402,-132593,2.3,0.3813,7.626,1297,-0.3026,1
3.5600,20.00,1.1592,-136390,1.9,0.3735,7.469,1295,-0.3190,1
3.5800,20.00,1.1359,-131728,1.4,0.3848,7.695,1299,-0.2952,1
3.6000,20.00,1.1583,-136197,1.0,0.3761,7.522,1293,-0.3134,1
3.6200,20.00,1.1590,-136338,0.5,0.3739,7.479,1298,-0.3180,1
3.6400,20.00,1.1618,-136895,0.1,0.3708,7.417,1298,-0.3246,1
3.6600,19.99,1.1573,-136006,3.5,0.3716,7.432,1300,-0.3229,1
3.6800,20.00,1.1544,-135417,3.0,0.3731,7.462,1300,-0.3198,1
3.7000,20.00,1.1737,-139286,2.6,0.3602,7.205,1299,-0.3469,1
3.7200,20.00,1.1565,-135847,2.1,0.3677,7.353,1305,-0.3312,1
3.7400,20.00,1.1809,-140723,1.6,0.3509,7.018,1301,-0.3665,1
3.7600,20.00,1.1256,-129658,1.1,0.3831,7.662,1309,-0.2987,1
3.7800,20.00,1.1607,-136690,0.7,0.3700,7.400,1294,-0.3263,1
3.8000,20.00,1.1042,-125394,0.3,0.3997,7.993,1300,-0.2639,1
3.8200,20.00,1.1334,-131235,12.0,0.3931,7.861,1287,-0.2777,1
3.8400,20.00,1.1444,-133434,11.5,0.3908,7.816,1290,-0.2825,1
3.8600,20.00,1.1655,-137649,2.9,0.3790,7.581,1291,-0.3073,1
3.8800,20.00,1.1664,-137825,2.4,0.3734,7.469,1296,-0.3191,1
3.9000,20.00,1.1700,-138538,1.9,0.3663,7.327,1299,-0.3340,1
3.9200,20.00,1.1603,-136604,1.4,0.3684,7.368,1302,-0.3297,1
3.9400,20.00,1.1639,-137323,0.9,0.3652,7.304,1301,-0.3364,1
3.9600,20.00,1.1736,-139264,0.5,0.3560,7.119,1303,-0.3559,1
3.9800,20.00,1.1898,-142511,12.3,0.3415,6.830,1307,-0.3863,1
4.0000,20.00,1.1481,-134156,11.7,0.3639,7.278,1314,-0.3391,1
4.0200,20.00,1.1575,-136050,11.3,0.3632,7.265,1303,-0.3406,1
4.0400,20.00,1.1186,-128262,10.8,0.3874,7.748,1304,-0.2897,1
4.0600,20.00,1.1502,-134577,10.3,0.3768,7.536,1292,-0.3120,1
4.0800,20.00,1.1296,-130459,1.7,0.3878,7.755,1297,-0.2889,1
4.1000,20.00,1.1254,-129618,1.2,0.3947,7.895,1292,-0.2742,1
4.1200,20.00,1.1648,-137496,0.7,0.3786,7.572,1289,-0.3082,1
4.1400,20.01,1.1276,-130062,0.2,0.3946,7.893,1296,-0.2745,1
4.1600,20.00,1.1215,-128843,8.1,0.4024,8.048,1289,-0.2581,1
4.1800,20.00,1.1502,-134586,7.7,0.3919,7.839,1285,-0.2801,1
4.2000,20.00,1.1339,-131335,11.1,0.3991,7.982,1290,-0.2650,1
4.2200,20.00,1.1475,-134045,10.6,0.3931,7.861,1287,-0.2778,1
4.2400,20.00,1.1672,-137976,10.1,0.3806,7.612,1290,-0.3040,1
4.2600,20.00,1.1697,-138478,9.6,0.3731,7.462,1295,-0.3198,1
4.2800,20.00,1.1679,-138119,9.2,0.3682,7.364,1299,-0.3301,1
4.3000,20.00,1.1419,-132929,0.5,0.3802,7.604,1301,-0.3049,1
4.3200,20.00,1.1540,-135351,0.0,0.3762,7.525,1296,-0.3132,1
4.3400,20.00,1.1416,-132862,7.8,0.3823,7.645,1298,-0.3005,1
4.3600,20.00,1.1438,-133297,7.4,0.3833,7.666,1295,-0.2984,1
4.3800,20.00,1.1563,-135798,6.9,0.3780,7.559,1294,-0.3095,1
4.4000,20.00,1.1730,-139138,10.4,0.3659,7.319,1297,-0.3349,1
4.4200,20.00,1.1557,-135690,9.9,0.3715,7.429,1302,-0.3232,1
4.4400,20.00,1.1855,-141639,9.5,0.3507,7.014,1300,-0.3669,1
4.4600,20.00,1.1266,-129856,9.0,0.3831,7.663,1309,-0.2987,1
4.4800,20.00,1.1545,-135435,8.5,0.3739,7.479,1294,-0.3180,1
4.5000,20.00,1.1100,-126538,8.0,0.3975,7.950,1298,-0.2684,1
4.5200,20.00,1.1472,-133982,7.5,0.3859,7.719,1288,-0.2928,1
4.5400,20.00,1.1100,-126544,7.1,0.4066,8.133,1293,-0.2492,1
4.5600,20.00,1.1302,-130576,6.7,0.4038,8.076,1283,-0.2551,1
4.5800,20.00,1.1287,-130280,6.2,0.4073,8.146,1285,-0.2478,1
4.6000,20.00,1.1712,-138779,5.7,0.3854,7.708,1283,-0.2939,1
4.6200,20.00,1.1517,-134890,9.2,0.3888,7.777,1293,-0.2867,1
4.6400,20.00,1.2061,-145753,8.7,0.3501,7.001,1292,-0.3683,1
4.6600,20.00,1.1264,-129827,8.3,0.3871,7.743,1310,-0.2902,1
4.6800,20.00,1.2033,-145204,7.8,0.3456,6.912,1292,-0.3777,1
4.7000,20.00,1.1275,-130049,7.3,0.3826,7.652,1312,-0.2997,1
4.7200,20.00,1.1791,-140371,6.8,0.3583,7.166,1295,-0.3509,1
4.7400,20.01,1.0882,-122194,6.4,0.4065,8.131,1306,-0.2494,1
4.7600,20.00,1.1765,-139853,6.0,0.3707,7.415,1283,-0.3248,1
4.7800,20.00,1.0827,-121097,5.5,0.4174,8.347,1300,-0.2266,1
4.8000,20.00,1.1594,-136429,5.1,0.3880,7.761,1278,-0.2884,1
4.8200,20.00,1.0942,-123397,4.6,0.4222,8.443,1292,-0.2165,1
4.8400,20.02,1.1971,-143970,8.1,0.3754,7.508,1276,-0.3149,1
4.8600,19.98,1.1246,-129466,7.6,0.4006,8.013,1298,-0.2618,1
4.8800,20.00,1.2160,-147748,7.1,0.3505,7.011,1286,-0.3673,1
4.9000,20.00,1.1593,-136410,6.6,0.3659,7.318,1309,-0.3350,1
4.9200,20.00,1.2041,-145369,6.1,0.3368,6.736,1302,-0.3962,1
4.9400,20.00,1.1416,-132873,5.7,0.3693,7.386,1316,-0.3278,1
4.9600,20.00,1.1890,-142336,5.3,0.3434,6.867,1301,-0.3824,1
4.9800,20.00,1.0790,-120347,4.8,0.4060,8.121,1313,-0.2505,1
5.0000,20.00,1.1771,-139971,4.4,0.3669,7.338,1284,-0.3328,1
5.0200,20.00,1.0798,-120499,3.9,0.4153,8.307,1302,-0.2309,1
5.0400,20.00,1.1638,-137298,7.4,0.3828,7.655,1279,-0.2995,1
5.0600,20.00,1.0730,-119154,6.9,0.4311,8.623,1294,-0.1976,1
5.0800,20.00,1.1931,-143170,6.4,0.3799,7.598,1272,-0.3054,1
5.1000,20.00,1.1160,-127738,5.9,0.4084,8.167,1296,-0.2455,1
5.1200,20.00,1.1837,-141293,5.5,0.3759,7.517,1282,-0.3140,1
5.1400,20.00,1.1401,-132556,5.0,0.3904,7.808,1298,-0.2833,1
5.1600,20.00,1.2029,-145123,4.6,0.3515,7.031,1291,-0.3652,1
5.1800,20.00,1.1662,-137776,4.1,0.3601,7.202,1309,-0.3471,1
5.2000,20.00,1.1868,-141905,3.7,0.3457,6.914,1305,-0.3774,1
5.2200,20.00,1.1757,-139676,3.2,0.3478,6.957,1312,-0.3730,1
5.2400,20.00,1.1729,-139117,2.8,0.3481,6.962,1311,-0.3725,1
5.2600,20.00,1.1483,-134203,6.2,0.3641,7.283,1311,-0.3386,1
5.2800,20.00,1.1284,-130218,5.7,0.3811,7.622,1303,-0.3029,1
5.3000,20.00,1.1225,-129045,5.3,0.3892,7.784,1295,-0.2859,1
5.3200,20.00,1.1202,-128590,4.7,0.3955,7.909,1292,-0.2727,1
5.3400,20.00,1.1049,-125520,4.3,0.4120,8.239,1288,-0.2380,1
5.3600,20.01,1.1269,-129925,3.9,0.4083,8.166,1281,-0.2457,1
5.3800,20.00,1.1330,-131146,3.4,0.4079,8.159,1282,-0.2464,1
5.4000,20.00,1.1793,-140406,2.9,0.3821,7.643,1283,-0.3007,1
5.4200,20.00,1.1761,-139772,2.5,0.3734,7.468,1295,-0.3192,1
5.4400,20.00,1.2088,-146297,2.1,0.3405,6.809,1299,-0.3885,1
5.4600,20.00,1.1645,-137442,5.5,0.3567,7.133,1314,-0.3544,1
5.4800,20.00,1.1860,-141735,5.1,0.3433,6.867,1307,-0.3824,1
5.5000,20.00,1.1466,-133862,4.6,0.3654,7.308,1313,-0.3360,1
5.5200,20.00,1.1584,-136226,4.1,0.3631,7.262,1302,-0.3409,1
5.5400,20.00,1.1311,-130757,3.6,0.3807,7.614,1304,-0.3038,1
5.5600,20.00,1.1202,-128577,3.1,0.3909,7.819,1295,-0.2822,1
5.5800,20.00,1.1009,-124723,2.7,0.4081,8.161,1291,-0.2462,1
5.6000,20.00,1.1365,-131841,2.3,0.3993,7.986,1283,-0.2647,1
5.6200,20.00,1.1039,-125336,1.8,0.4200,8.400,1287,-0.2211,1
5.6400,20.00,1.1745,-139440,1.3,0.3869,7.738,1277,-0.2907,1
5.6600,20.00,1.1448,-133502,0.9,0.3954,7.908,1292,-0.2728,1
5.6800,20.00,1.1785,-140241,4.4,0.3748,7.495,1288,-0.3163,1
5.7000,20.01,1.1692,-138389,3.9,0.3705,7.411,1298,-0.3252,1
5.7200,20.00,1.1760,-139748,3.4,0.3601,7.201,1300,-0.3472,1
5.7400,20.00,1.1767,-139878,2.9,0.3531,7.063,1305,-0.3618,1
5.7600,20.00,1.1258,-129706,2.5,0.3840,7.680,1308,-0.2969,1
5.7800,20.00,1.1470,-133944,2.0,0.3782,7.563,1294,-0.3092,1
5.8000,20.00,1.1042,-125393,1.5,0.4023,8.046,1297,-0.2583,1
5.8200,20.00,1.1711,-138760,1.1,0.3757,7.514,1285,-0.3143,1
5.8400,20.00,1.1138,-127303,0.7,0.4016,8.032,1298,-0.2598,1
5.8600,20.00,1.1612,-136788,0.2,0.3830,7.660,1286,-0.2990,1
5.8800,20.00,1.1370,-131942,11.9,0.3928,7.856,1294,-0.2783,1
5.9000,20.00,1.1809,-140729,3.2,0.3697,7.393,1290,-0.3270,1
5.9200,20.00,1.1229,-129118,2.7,0.3937,7.875,1301,-0.2763,1
5.9400,20.00,1.1726,-139069,2.3,0.3727,7.454,1289,-0.3206,1
5.9600,20.00,1.1159,-127735,1.7,0.3978,7.955,1299,-0.2679,1
5.9800,20.00,1.1829,-141121,1.3,0.3686,7.372,1287,-0.3293,1
6.0000,20.00,1.1377,-132091,0.8,0.3853,7.706,1301,-0.2941,1
6.0200,20.00,1.1717,-138889,0.4,0.3696,7.392,1293,-0.3271,1
6.0400,20.00,1.1966,-143863,12.1,0.3446,6.892,1301,-0.3798,1
6.0600,20.00,1.1116,-126866,11.7,0.3915,7.830,1312,-0.2811,1
6.0800,20.00,1.1452,-133578,11.2,0.3812,7.624,1290,-0.3027,1
6.1000,20.00,1.1687,-138274,2.5,0.3693,7.385,1295,-0.3279,1
6.1200,20.00,1.1109,-126723,2.0,0.3975,7.949,1301,-0.2685,1
6.1400,20.00,1.1639,-137328,1.5,0.3770,7.540,1288,-0.3115,1
6.1600,20.00,1.1319,-130926,1.1,0.3910,7.819,1297,-0.2822,1
6.1800,20.00,1.1664,-137827,0.6,0.3757,7.515,1291,-0.3142,1
6.2000,20.00,1.1405,-132639,0.1,0.3856,7.712,1298,-0.2934,1
6.2200,20.00,1.1461,-133760,11.9,0.3846,7.691,1293,-0.2957,1
6.2400,20.00,1.1911,-142753,11.4,0.3563,7.125,1294,-0.3552,1
6.2600,20.00,1.1372,-131988,11.0,0.3810,7.620,1307,-0.3032,1
6.2800,20.00,1.1655,-137638,10.5,0.3695,7.391,1295,-0.3273,1
6.3000,20.00,1.1099,-126518,10.0,0.3974,7.947,1301,-0.2687,1
6.3200,20.00,1.1293,-130402,1.3,0.3953,7.906,1288,-0.2731,1
6.3400,20.00,1.1414,-132822,0.9,0.3934,7.868,1288,-0.2770,1
6.3600,20.00,1.1807,-140686,0.4,0.3719,7.437,1289,-0.3224,1
6.3800,20.00,1.1610,-136749,8.2,0.3740,7.481,1299,-0.3178,1
6.4000,20.00,1.1959,-143724,7.7,0.3467,6.933,1298,-0.3754,1
6.4200,20.00,1.1155,-127641,7.3,0.3901,7.801,1311,-0.2841,1
6.4400,20.00,1.1892,-142378,10.7,0.3544,7.088,1291,-0.3591,1
6.4600,20.00,1.0880,-122146,10.3,0.4062,8.125,1308,-0.2500,1
6.4800,20.00,1.1692,-138385,9.8,0.3745,7.490,1284,-0.3169,1
6.5000,20.00,1.1433,-133206,9.3,0.3840,7.680,1298,-0.2968,1
6.5200,20.00,1.1774,-140024,8.8,0.3655,7.310,1294,-0.3358,1
6.5400,20.00,1.1554,-135630,0.2,0.3722,7.444,1302,-0.3217,1
6.5600,20.00,1.1851,-141568,8.0,0.3516,7.033,1299,-0.3650,1
6.5800,20.00,1.1331,-131158,7.5,0.3796,7.593,1309,-0.3060,1
6.6000,20.00,1.1511,-134774,7.0,0.3749,7.497,1296,-0.3161,1
6.6200,20.00,1.1269,-129931,6.6,0.3883,7.766,1298,-0.2878,1
6.6400,20.00,1.1405,-132653,10.1,0.3861,7.722,1292,-0.2924,1
6.6600,20.00,1.1541,-135360,9.6,0.3807,7.614,1293,-0.3038,1
6.6800,20.00,1.1614,-136815,9.1,0.3755,7.509,1295,-0.3148,1
6.7000,20.00,1.1500,-134538,8.6,0.3789,7.578,1298,-0.3075,1
6.7200,20.00,1.1539,-135319,8.2,0.3771,7.542,1296,-0.3114,1
6.7400,20.00,1.1555,-135644,7.7,0.3757,7.513,1297,-0.3144,1
6.7600,19.99,1.1594,-136425,7.2,0.3724,7.448,1298,-0.3212,1
6.7800,20.00,1.1814,-140833,6.7,0.3549,7.098,1299,-0.3581,1
6.8000,20.00,1.1498,-134514,6.3,0.3704,7.408,1307,-0.3255,1
6.8200,20.00,1.1705,-138635,5.9,0.3590,7.181,1300,-0.3494,1
6.8400,20.00,1.1740,-139350,5.4,0.3521,7.041,1305,-0.3641,1
6.8600,20.00,1.1463,-133812,8.9,0.3693,7.386,1309,-0.3278,1
6.8800,20.00,1.1724,-139023,8.4,0.3553,7.106,1301,-0.3572,1
6.9000,20.00,1.1286,-130262,7.9,0.3808,7.615,1307,-0.3037,1
6.9200,20.00,1.1360,-131739,7.5,0.3819,7.638,1295,-0.3013,1
6.9400,20.00,1.1451,-133566,7.0,0.3802,7.604,1295,-0.3048,1
6.9600,20.00,1.1089,-126317,6.5,0.4006,8.012,1296,-0.2619,1
6.9800,20.00,1.1613,-136800,6.1,0.3815,7.630,1286,-0.3021,1
7.0000,20.00,1.1355,-131651,5.7,0.3922,7.844,1295,-0.2796,1
7.0200,20.00,1.1746,-139455,5.2,0.3727,7.454,1290,-0.3207,1
7.0400,20.00,1.1638,-137311,4.7,0.3714,7.428,1299,-0.3234,1
7.0600,20.00,1.1753,-139604,4.3,0.3596,7.193,1300,-0.3481,1
7.0800,20.00,1.1706,-138666,7.7,0.3564,7.128,1305,-0.3550,1
7.1000,20.00,1.1517,-134877,7.3,0.3679,7.357,1307,-0.3308,1
7.1200,20.00,1.1304,-130634,6.8,0.3825,7.651,1301,-0.2999,1
7.1400,20.00,1.1371,-131969,6.3,0.3832,7.664,1295,-0.2985,1
7.1600,20.00,1.1272,-129980,5.8,0.3914,7.828,1294,-0.2813,1
7.1800,20.00,1.1402,-132588,5.4,0.3897,7.794,1290,-0.2848,1
7.2000,20.01,1.1360,-131736,4.9,0.3935,7.871,1291,-0.2768,1
7.2200,20.00,1.1412,-132788,4.5,0.3926,7.853,1289,-0.2786,1
7.2400,20.00,1.1836,-141265,4.0,0.3685,7.371,1290,-0.3294,1
7.2600,20.00,1.1713,-138800,3.6,0.3646,7.291,1301,-0.3378,1
7.2800,20.00,1.1602,-136575,7.1,0.3675,7.350,1303,-0.3315,1
7.3000,20.00,1.1544,-135434,6.6,0.3706,7.413,1301,-0.3250,1
7.3200,20.00,1.1370,-131948,6.1,0.3809,7.618,1300,-0.3033,1
7.3400,20.00,1.1544,-135423,5.6,0.3750,7.500,1295,-0.3158,1
7.3600,20.00,1.1387,-132292,5.2,0.3826,7.653,1298,-0.2997,1
7.3800,20.00,1.1409,-132725,4.7,0.3843,7.685,1295,-0.2963,1
7.4000,20.00,1.1087,-126289,4.2,0.4036,8.071,1294,-0.2557,1
7.4200,20.00,1.1496,-134471,3.7,0.3903,7.806,1285,-0.2835,1
7.4400,20.00,1.1201,-128575,3.3,0.4052,8.104,1291,-0.2522,1
7.4600,20.00,1.1506,-134662,2.9,0.3931,7.862,1284,-0.2776,1
7.4800,20.01,1.1490,-134352,2.4,0.3917,7.833,1290,-0.2807,1
7.5000,19.98,1.1321,-130967,5.9,0.3990,7.979,1290,-0.2654,1
7.5200,20.00,1.1836,-141269,5.4,0.3722,7.445,1287,-0.3216,1
7.5400,20.00,1.1441,-133361,4.9,0.3847,7.695,1299,-0.2953,1
7.5600,20.00,1.2024,-145019,4.5,0.3472,6.945,1294,-0.3742,1
7.5800,20.00,1.1313,-130811,4.0,0.3813,7.626,1311,-0.3025,1
7.6000,20.00,1.1751,-139556,3.5,0.3616,7.231,1295,-0.3441,1
7.6200,20.00,1.1385,-132243,3.0,0.3788,7.576,1304,-0.3078,1
7.6400,20.00,1.1864,-141832,2.6,0.3519,7.038,1296,-0.3645,1
7.6600,20.00,1.1230,-129154,2.2,0.3853,7.705,1309,-0.2942,1
7.6800,20.00,1.1296,-130458,1.7,0.3874,7.748,1293,-0.2897,1
7.7000,20.00,1.1296,-130475,1.3,0.3920,7.839,1292,-0.2801,1
7.7200,20.00,1.1678,-138102,4.7,0.3755,7.510,1290,-0.3147,1
7.7400,20.00,1.1342,-131390,4.2,0.3890,7.780,1298,-0.2863,1
7.7600,20.00,1.1747,-139490,3.7,0.3699,7.398,1292,-0.3265,1
7.7800,20.00,1.1173,-128001,3.3,0.3950,7.899,1300,-0.2737,1
7.8000,20.00,1.1744,-139419,2.8,0.3715,7.429,1289,-0.3232,1
7.8200,20.00,1.1561,-135769,2.3,0.3752,7.503,1300,-0.3155,1
7.8400,20.00,1.1621,-136971,1.9,0.3707,7.414,1298,-0.3248,1
7.8600,20.00,1.1284,-130217,1.4,0.3871,7.743,1300,-0.2903,1
7.8800,20.00,1.1524,-135033,1.0,0.3793,7.585,1292,-0.3068,1
7.9000,20.00,1.1094,-126426,0.6,0.4017,8.034,1296,-0.2596,1
7.9200,20.00,1.1552,-135594,4.0,0.3857,7.715,1286,-0.2932,1
7.9400,20.00,1.1417,-132880,3.5,0.3911,7.821,1293,-0.2820,1
7.9600,20.00,1.1706,-138673,3.1,0.3753,7.505,1291,-0.3152,1
7.9800,20.00,1.1142,-127378,2.6,0.4002,8.004,1298,-0.2627,1
8.0000,20.00,1.1879,-142116,2.1,0.3667,7.334,1286,-0.3333,1
8.0200,20.00,1.1386,-132258,1.6,0.3847,7.694,1302,-0.2953,1
8.0400,20.00,1.1731,-139171,1.2,0.3680,7.361,1294,-0.3305,1
8.0600,20.00,1.1254,-129618,0.7,0.3894,7.788,1301,-0.2855,1
8.0800,20.00,1.1808,-140699,0.3,0.3639,7.278,1291,-0.3391,1
8.1000,20.00,1.1611,-136772,12.0,0.3674,7.349,1303,-0.3317,1
8.1200,20.00,1.1438,-133309,11.5,0.3775,7.549,1301,-0.3106,1
8.1400,19.99,1.1318,-130909,2.9,0.3859,7.718,1297,-0.2928,1
8.1600,20.00,1.1608,-136695,2.4,0.3748,7.495,1293,-0.3163,1
8.1800,20.00,1.1440,-133347,1.9,0.3813,7.627,1298,-0.3024,1
8.2000,20.00,1.1571,-135956,1.4,0.3759,7.519,1295,-0.3138,1
8.2200,20.00,1.1555,-135639,0.9,0.3754,7.508,1298,-0.3150,1
8.2400,20.00,1.1844,-141425,0.5,0.3543,7.086,1298,-0.3594,1
8.2600,20.00,1.1418,-132914,0.0,0.3753,7.507,1308,-0.3151,1
8.2800,20.00,1.1783,-140213,11.8,0.3558,7.117,1298,-0.3561,1
8.3000,20.00,1.1428,-133100,11.3,0.3739,7.477,1307,-0.3182,1
8.3200,20.00,1.1677,-138086,10.8,0.3621,7.242,1298,-0.3429,1
8.3400,20.00,1.1374,-132030,10.4,0.3783,7.566,1304,-0.3089,1
8.3600,20.00,1.1522,-134993,1.7,0.3739,7.478,1296,-0.3181,1
8.3800,20.00,1.1309,-130720,1.2,0.3852,7.705,1298,-0.2942,1
8.4000,20.00,1.1338,-131311,0.7,0.3882,7.763,1293,-0.2881,1
8.4200,20.00,1.1537,-135277,0.3,0.3810,7.620,1292,-0.3031,1
8.4400,20.00,1.1381,-132158,8.1,0.3881,7.763,1295,-0.2881,1
8.4600,20.00,1.1680,-138144,7.7,0.3737,7.474,1292,-0.3185,1
8.4800,20.00,1.1309,-130716,11.1,0.3892,7.783,1299,-0.2860,1
8.5000,20.00,1.1683,-138212,10.6,0.3729,7.459,1292,-0.3202,1
8.5200,20.00,1.1332,-131182,10.2,0.3874,7.747,1299,-0.2897,1
8.5400,20.00,1.1541,-135374,9.7,0.3798,7.595,1292,-0.3057,1
8.5600,20.00,1.1605,-136648,9.2,0.3751,7.502,1296,-0.3156,1
8.5800,20.00,1.1770,-139953,0.5,0.3607,7.214,1298,-0.3459,1
8.6000,20.00,1.1431,-133165,0.1,0.3765,7.529,1305,-0.3127,1
8.6200,20.00,1.1537,-135283,7.9,0.3739,7.477,1297,-0.3182,1
8.6400,20.00,1.1429,-133122,7.4,0.3793,7.585,1298,-0.3068,1
8.6600,20.00,1.1317,-130881,7.0,0.3872,7.743,1296,-0.2902,1
8.6800,20.00,1.1328,-131108,10.4,0.3908,7.817,1292,-0.2824,1
8.7000,20.00,1.1295,-130436,9.9,0.3964,7.929,1291,-0.2707,1
8.7200,20.00,1.1549,-135533,9.5,0.3860,7.720,1288,-0.2927,1
8.7400,20.00,1.1445,-133443,9.0,0.3892,7.784,1293,-0.2859,1
8.7600,20.00,1.1654,-137631,8.5,0.3773,7.545,1292,-0.3110,1
8.7800,20.00,1.1390,-132348,8.0,0.3871,7.742,1297,-0.2903,1
8.8000,20.00,1.1539,-135316,7.6,0.3809,7.618,1292,-0.3034,1
8.8200,20.00,1.1416,-132871,7.1,0.3861,7.723,1295,-0.2923,1
8.8400,20.00,1.1517,-134879,6.7,0.3820,7.640,1293,-0.3010,1
8.8600,20.00,1.1642,-137384,6.3,0.3742,7.485,1295,-0.3174,1
8.8800,20.00,1.1535,-135237,5.7,0.3767,7.534,1298,-0.3123,1
8.9000,20.00,1.1698,-138507,9.3,0.3661,7.322,1297,-0.3345,1
8.9200,20.00,1.1376,-132067,8.8,0.3811,7.621,1302,-0.3030,1
8.9400,20.00,1.1669,-137929,8.3,0.3684,7.368,1295,-0.3297,1
8.9600,20.00,1.1292,-130376,7.8,0.3860,7.719,1301,-0.2927,1
8.9800,20.00,1.1511,-134762,7.3,0.3791,7.582,1293,-0.3071,1
9.0000,20.00,1.1216,-128859,6.9,0.3945,7.890,1296,-0.2748,1
9.0200,20.00,1.1485,-134235,6.4,0.3864,7.729,1289,-0.2917,1
9.0400,20.00,1.1292,-130379,6.0,0.3965,7.931,1293,-0.2704,1
9.0600,20.00,1.1417,-132885,5.5,0.3933,7.866,1288,-0.2772,1
9.0800,20.00,1.1196,-128475,5.1,0.4058,8.116,1289,-0.2509,1
9.1000,20.00,1.1334,-131217,4.6,0.4034,8.068,1284,-0.2560,1
9.1200,20.00,1.1477,-134083,8.1,0.3968,7.936,1285,-0.2699,1
9.1400,20.00,1.1457,-133682,7.6,0.3957,7.914,1288,-0.2722,1
9.1600,20.00,1.1537,-135293,7.2,0.3895,7.790,1288,-0.2852,1
9.1800,20.00,1.1717,-138879,6.7,0.3765,7.529,1291,-0.3127,1
9.2000,20.00,1.1560,-135742,6.2,0.3787,7.574,1297,-0.3080,1
9.2200,20.00,1.1844,-141421,5.7,0.3577,7.154,1296,-0.3523,1
9.2400,20.00,1.1771,-139960,5.3,0.3528,7.056,1306,-0.3626,1
9.2600,20.00,1.1679,-138119,4.8,0.3552,7.104,1308,-0.3575,1
9.2800,20.00,1.1558,-135698,4.4,0.3636,7.273,1307,-0.3397,1
9.3000,20.00,1.1493,-134396,3.9,0.3705,7.410,1303,-0.3253,1
9.3200,20.00,1.1140,-127339,7.4,0.3922,7.843,1300,-0.2797,1
9.3400,20.00,1.1406,-132670,6.9,0.3849,7.698,1290,-0.2950,1
9.3600,20.00,1.1472,-133979,6.5,0.3834,7.668,1293,-0.2981,1
9.3800,20.00,1.1558,-135698,6.0,0.3790,7.581,1294,-0.3073,1
9.4000,20.00,1.1392,-132379,5.5,0.3862,7.725,1296,-0.2921,1
9.4200,20.00,1.1509,-134727,5.0,0.3821,7.642,1293,-0.3009,1
9.4400,20.00,1.1351,-131571,4.5,0.3900,7.800,1295,-0.2842,1
9.4600,20.00,1.1758,-139711,4.1,0.3705,7.410,1291,-0.3253,1
9.4800,20.00,1.1446,-133472,3.7,0.3812,7.624,1300,-0.3028,1
9.5000,20.00,1.1644,-137428,3.2,0.3718,7.437,1295,-0.3224,1
9.5200,20.00,1.1608,-136711,2.7,0.3705,7.409,1299,-0.3254,1
9.5400,20.00,1.1657,-137691,6.3,0.3653,7.306,1300,-0.3362,1
9.5600,20.00,1.1217,-128877,5.7,0.3890,7.781,1302,-0.2862,1
9.5800,20.00,1.1438,-133315,5.3,0.3831,7.663,1292,-0.2987,1
9.6000,20.00,1.1584,-136217,4.8,0.3767,7.534,1294,-0.3122,1
9.6200,20.00,1.1535,-135236,4.3,0.3774,7.548,1297,-0.3107,1
9.6400,20.00,1.1502,-134590,3.9,0.3785,7.570,1297,-0.3084,1
9.6600,19.99,1.1521,-134960,3.4,0.3777,7.554,1296,-0.3101,1
9.6800,20.00,1.1452,-133580,3.0,0.3811,7.621,1297,-0.3030,1
9.7000,20.00,1.1571,-135971,2.5,0.3759,7.519,1295,-0.3138,1
9.7200,20.00,1.1585,-136254,2.1,0.3736,7.472,1298,-0.3187,1
9.7400,20.00,1.1136,-127268,1.6,0.3963,7.926,1299,-0.2709,1
9.7600,20.00,1.1745,-139445,5.1,0.3715,7.430,1288,-0.3232,1
9.7800,20.00,1.1412,-132786,4.6,0.3835,7.670,1300,-0.2979,1
9.8000,20.00,1.1621,-136967,4.1,0.3743,7.486,1294,-0.3173,1
9.8200,20.00,1.1765,-139847,3.6,0.3608,7.216,1298,-0.3457,1
9.8400,20.00,1.1412,-132777,3.2,0.3779,7.558,1304,-0.3097,1
9.8600,20.00,1.1602,-136584,2.7,0.3707,7.414,1297,-0.3248,1
9.8800,20.00,1.1396,-132466,2.3,0.3804,7.608,1300,-0.3044,1
9.9000,20.00,1.1552,-135579,1.8,0.3750,7.501,1295,-0.3157,1
9.9200,20.00,1.1130,-127148,1.3,0.3967,7.934,1298,-0.2701,1
9.9400,20.00,1.1802,-140591,0.9,0.3684,7.369,1288,-0.3296,1
9.9600,20.00,1.1207,-128686,4.4,0.3934,7.868,1301,-0.2770,1
9.9800,20.00,1.1620,-136935,3.9,0.3775,7.550,1289,-0.3105,1
10.0000,20.00,1.1414,-132821,3.4,0.3856,7.712,1297,-0.2935,1
10.0200,20.00,1.1559,-135731,2.9,0.3792,7.584,1293,-0.3070,1
10.0400,20.00,1.1282,-130182,2.5,0.3923,7.847,1296,-0.2793,1
10.0600,20.00,1.1570,-135938,2.0,0.3813,7.625,1290,-0.3026,1
10.0800,20.00,1.1481,-134174,1.5,0.3838,7.677,1295,-0.2972,1
10.1000,20.00,1.1538,-135302,1.1,0.3804,7.607,1294,-0.3045,1
10.1200,20.00,1.1768,-139909,0.7,0.3647,7.293,1295,-0.3375,1
10.1400,20.00,1.1341,-131370,0.2,0.3839,7.678,1303,-0.2970,1
10.1600,20.00,1.1535,-135250,11.9,0.3775,7.550,1294,-0.3105,1
10.1800,20.00,1.1292,-130393,3.2,0.3897,7.794,1297,-0.2849,1
10.2000,20.00,1.1873,-142005,2.7,0.3603,7.206,1291,-0.3467,1
10.2200,20.00,1.1552,-135586,2.3,0.3709,7.419,1305,-0.3243,1
10.2400,20.00,1.1858,-141700,1.7,0.3501,7.002,1300,-0.3682,1
10.2600,20.00,1.1380,-132150,1.3,0.3756,7.513,1310,-0.3144,1
10.2800,20.00,1.1519,-134919,0.8,0.3727,7.454,1298,-0.3206,1
10.3000,20.00,1.1277,-130078,0.4,0.3864,7.727,1299,-0.2919,1
10.3200,20.00,1.1136,-127276,12.1,0.3985,7.969,1293,-0.2664,1
10.3400,20.00,1.1347,-131490,11.7,0.3958,7.916,1287,-0.2720,1
10.3600,20.00,1.1227,-129090,11.2,0.4049,8.098,1288,-0.2529,1
10.3800,20.00,1.1705,-138634,10.7,0.3824,7.649,1284,-0.3002,1
10.4000,20.00,1.1507,-134689,2.1,0.3867,7.734,1295,-0.2911,1
10.4200,20.00,1.1936,-143260,1.6,0.3565,7.130,1293,-0.3547,1
10.4400,20.00,1.1614,-136827,1.1,0.3653,7.306,1307,-0.3362,1
10.4600,20.00,1.1697,-138484,0.6,0.3596,7.191,1302,-0.3483,1
10.4800,20.00,1.1666,-137856,0.1,0.3584,7.168,1305,-0.3508,1
10.5000,20.00,1.1589,-136327,8.0,0.3627,7.253,1306,-0.3417,1
10.5200,20.00,1.1394,-132424,11.5,0.3764,7.527,1304,-0.3129,1
10.5400,20.00,1.1401,-132568,11.0,0.3793,7.585,1297,-0.3068,1
10.5600,20.00,1.1303,-130596,10.5,0.3868,7.735,1296,-0.2910,1
10.5800,20.00,1.1163,-127816,10.0,0.3988,7.976,1292,-0.2657,1
10.6000,20.00,1.1209,-128733,1.4,0.4042,8.085,1287,-0.2542,1
10.6200,20.00,1.1407,-132689,0.9,0.3986,7.973,1285,-0.2660,1
10.6400,20.00,1.1662,-137788,0.4,0.3841,7.681,1287,-0.2967,1
10.6600,20.00,1.1580,-136154,8.2,0.3826,7.652,1294,-0.2998,1
10.6800,20.00,1.2036,-145261,7.7,0.3471,6.942,1295,-0.3746,1
10.7000,20.00,1.1548,-135510,7.3,0.3659,7.317,1311,-0.3350,1
10.7200,20.00,1.2033,-145199,10.7,0.3359,6.719,1302,-0.3980,1
10.7400,20.00,1.1433,-133204,10.3,0.3662,7.323,1316,-0.3344,1
10.7600,20.00,1.1711,-138760,9.8,0.3538,7.077,1302,-0.3604,1
10.7800,20.00,1.1142,-127387,9.4,0.3875,7.750,1308,-0.2895,1
10.8000,20.00,1.1510,-134750,8.9,0.3752,7.503,1292,-0.3155,1
10.8200,20.00,1.1501,-134564,0.2,0.3758,7.515,1298,-0.3142,1
10.8400,20.00,1.1493,-134398,7.9,0.3767,7.534,1298,-0.3122,1
10.8600,20.00,1.1311,-130767,7.5,0.3868,7.736,1297,-0.2909,1
10.8800,20.00,1.1425,-133054,7.1,0.3851,7.703,1292,-0.2944,1
10.9000,20.00,1.1587,-136280,6.6,0.3777,7.555,1293,-0.3100,1
10.9200,19.99,1.1567,-135894,6.1,0.3764,7.527,1297,-0.3129,1
10.9400,20.00,1.1821,-140972,9.6,0.3571,7.143,1297,-0.3534,1
10.9600,20.00,1.1508,-134696,9.1,0.3707,7.414,1306,-0.3248,1
10.9800,20.00,1.1714,-138828,8.7,0.3591,7.182,1300,-0.3493,1
11.0000,20.01,1.1300,-130554,8.2,0.3818,7.636,1305,-0.3014,1
11.0200,20.00,1.1280,-130147,7.7,0.3872,7.744,1295,-0.2901,1
11.0400,20.00,1.1059,-125735,7.3,0.4043,8.086,1292,-0.2541,1
11.0600,20.00,1.0991,-124368,6.8,0.4199,8.398,1284,-0.2212,1
11.0800,20.00,1.1159,-127731,6.3,0.4199,8.398,1277,-0.2212,1
11.1000,20.00,1.1122,-126983,5.9,0.4270,8.540,1277,-0.2064,1
11.1200,20.00,1.1458,-133695,5.4,0.4105,8.211,1274,-0.2410,1
11.1400,20.00,1.1503,-134607,8.9,0.4044,8.088,1282,-0.2539,1
11.1600,20.00,1.1641,-137368,8.5,0.3916,7.831,1284,-0.2809,1
11.1800,20.00,1.1953,-143600,8.0,0.3636,7.272,1290,-0.3398,1
11.2000,20.00,1.2108,-146693,7.5,0.3373,6.745,1303,-0.3952,1
11.2200,20.00,1.1687,-138291,7.0,0.3524,7.047,1315,-0.3635,1
11.2400,20.00,1.1406,-132656,6.5,0.3727,7.454,1308,-0.3206,1
11.2600,20.00,1.1369,-131932,6.1,0.3794,7.587,1299,-0.3066,1
11.2800,20.00,1.1367,-131892,5.7,0.3825,7.649,1296,-0.3001,1
11.3000,20.00,1.1441,-133372,5.2,0.3816,7.631,1295,-0.3019,1
11.3200,20.00,1.1026,-125072,4.7,0.4055,8.111,1295,-0.2515,1
11.3400,20.00,1.0964,-123826,4.3,0.4218,8.437,1284,-0.2172,1
11.3600,20.00,1.1203,-128615,7.7,0.4182,8.364,1276,-0.2248,1
11.3800,20.00,1.1442,-133395,7.3,0.4074,8.148,1278,-0.2476,1
11.4000,20.00,1.1039,-125326,6.8,0.4291,8.581,1283,-0.2020,1
11.4200,20.00,1.0992,-124394,6.3,0.4387,8.773,1273,-0.1818,1
11.4400,19.99,1.1897,-142481,5.9,0.3922,7.845,1269,-0.2795,1
11.4600,20.00,1.2504,-154614,5.4,0.3400,6.800,1290,-0.3894,1
11.4800,20.00,1.1643,-137397,4.9,0.3603,7.206,1314,-0.3467,1
11.5000,20.00,1.1250,-129547,4.5,0.3871,7.742,1305,-0.2903,1
11.5200,20.00,1.1252,-129582,4.1,0.3921,7.842,1292,-0.2798,1
11.5400,20.00,1.0984,-124228,3.6,0.4136,8.272,1290,-0.2345,1
11.5600,20.00,1.0658,-117717,3.1,0.4457,8.915,1280,-0.1669,1
11.5800,20.00,1.0663,-117819,6.6,0.4613,9.227,1265,-0.1340,1
11.6000,20.00,1.1383,-132210,6.1,0.4341,8.682,1258,-0.1914,1
11.6200,20.00,1.1465,-133838,5.6,0.4234,8.469,1271,-0.2138,1
11.6400,20.00,1.0816,-120865,5.1,0.4551,9.102,1275,-0.1471,1
11.6600,20.00,1.0590,-116341,4.7,0.4750,9.500,1261,-0.1053,1
11.6800,20.00,1.1182,-128191,4.2,0.4566,9.132,1252,-0.1440,1
11.7000,20.00,1.1512,-134783,3.7,0.4349,8.698,1260,-0.1897,1
11.7200,20.00,1.1598,-136513,3.3,0.4190,8.380,1270,-0.2232,1
11.7400,20.00,1.1430,-133150,2.9,0.4200,8.399,1278,-0.2211,1
11.7600,20.00,1.1021,-124964,2.4,0.4420,8.839,1277,-0.1748,1
11.7800,20.00,1.0712,-118797,2.0,0.4636,9.272,1267,-0.1292,1
11.8000,20.00,1.0883,-122207,5.4,0.4671,9.343,1257,-0.1218,1
11.8200,20.01,1.1089,-126331,5.0,0.4619,9.237,1255,-0.1329,1
11.8400,19.99,1.1263,-129806,4.5,0.4528,9.056,1258,-0.1520,1
11.8600,20.00,1.1514,-134832,4.0,0.4338,8.676,1262,-0.1920,1
11.8800,20.00,1.1083,-126197,3.5,0.4511,9.021,1271,-0.1556,1
11.9000,20.00,1.0486,-114261,3.1,0.4840,9.680,1263,-0.0863,1
11.9200,20.00,1.0714,-118822,2.6,0.4873,9.747,1247,-0.0793,1
11.9400,20.00,1.0861,-121769,2.2,0.4866,9.733,1246,-0.0807,1
11.9600,20.00,1.1211,-128773,1.7,0.4729,9.457,1246,-0.1098,1
11.9800,20.00,1.1631,-137156,1.3,0.4436,8.872,1253,-0.1713,1
12.0000,20.00,1.1312,-130776,4.7,0.4506,9.012,1266,-0.1566,1
12.0200,20.00,1.0901,-122573,4.3,0.4689,9.377,1263,-0.1182,1
12.0400,20.00,1.0647,-117492,3.8,0.4884,9.767,1254,-0.0772,1
12.0600,20.00,1.1133,-127200,3.3,0.4749,9.499,1245,-0.1054,1
12.0800,20.00,1.1277,-130079,2.8,0.4654,9.308,1252,-0.1255,1
12.1000,20.00,1.0609,-116724,2.4,0.4939,9.879,1256,-0.0654,1
12.1200,20.00,1.0599,-116539,1.9,0.5030,10.060,1243,-0.0463,1
12.1400,20.00,1.0914,-122836,1.5,0.4955,9.910,1239,-0.0621,1
12.1600,20.00,1.0728,-119102,1.0,0.5044,10.089,1242,-0.0433,1
12.1800,20.00,1.0531,-115172,0.6,0.5165,10.329,1238,-0.0180,1
12.2000,20.00,1.0450,-113553,0.1,0.5264,10.527,1232,0.0029,1
12.2200,20.00,1.0989,-124319,3.6,0.5081,10.163,1228,-0.0355,1
12.2400,20.00,1.1391,-132369,3.1,0.4861,9.723,1236,-0.0818,1
12.2600,20.00,1.1495,-134450,2.6,0.4728,9.455,1246,-0.1100,1
12.2800,19.99,1.1513,-134807,2.1,0.4622,9.245,1253,-0.1322,1
12.3000,20.00,1.1315,-130839,1.7,0.4643,9.286,1258,-0.1278,1
12.3200,20.00,1.1337,-131283,1.2,0.4592,9.183,1256,-0.1386,1
12.3400,20.00,1.0992,-124378,0.7,0.4747,9.495,1259,-0.1058,1
12.3600,20.00,1.0539,-115330,0.3,0.5038,10.075,1252,-0.0447,1
12.3800,20.00,1.0618,-116915,12.0,0.5119,10.237,1238,-0.0276,1
12.4000,20.00,1.0727,-119085,11.5,0.5137,10.275,1234,-0.0237,1
12.4200,20.00,0.9942,-103383,2.9,0.5584,11.169,1234,0.0704,1
12.4400,20.00,0.9594,-96437,2.4,0.5960,11.920,1213,0.1495,1
12.4600,20.00,0.9641,-97371,1.9,0.6106,12.212,1195,0.1802,1
12.4800,20.00,1.0235,-109257,1.5,0.6009,12.018,1189,0.1598,1
12.5000,20.00,1.0921,-122962,1.0,0.5630,11.261,1193,0.0801,1
12.5200,20.00,1.1003,-124599,0.5,0.5496,10.991,1211,0.0517,1
12.5400,20.00,1.1387,-132285,0.0,0.5219,10.438,1217,-0.0065,1
12.5600,20.00,1.1730,-139139,11.8,0.4926,9.851,1230,-0.0683,1
12.5800,20.00,1.1984,-144231,11.3,0.4655,9.311,1243,-0.1252,1
12.6000,20.00,1.1755,-139647,10.8,0.4548,9.096,1256,-0.1478,1
12.6200,20.00,1.1600,-136554,10.4,0.4501,9.002,1261,-0.1577,1
12.6400,20.00,1.1582,-136184,1.7,0.4425,8.849,1263,-0.1738,1
12.6600,20.00,1.1107,-126691,1.3,0.4662,9.325,1267,-0.1237,1
12.6800,20.01,1.1000,-124540,0.7,0.4801,9.603,1256,-0.0944,1
12.7000,20.00,1.0802,-120590,0.3,0.5017,10.034,1249,-0.0491,1
12.7200,20.00,1.0875,-122049,8.1,0.5056,10.113,1239,-0.0408,1
12.7400,20.00,1.0744,-119435,7.7,0.5203,10.406,1237,-0.0099,1
12.7600,20.00,1.0249,-109524,11.1,0.5523,11.046,1230,0.0574,1
12.7800,20.00,0.9752,-99586,10.7,0.5947,11.894,1216,0.1468,1
12.8000,20.00,0.9376,-92080,10.2,0.6217,12.433,1196,0.2035,1
12.8200,20.00,1.0247,-109484,9.7,0.6154,12.308,1184,0.1903,1
12.8400,20.00,1.0894,-122422,9.3,0.5928,11.857,1186,0.1428,1
12.8600,20.00,1.1042,-125388,0.5,0.5749,11.498,1197,0.1050,1
12.8800,20.00,1.1176,-128065,0.1,0.5612,11.224,1205,0.0762,1
12.9000,20.01,1.1164,-127818,7.9,0.5551,11.102,1212,0.0634,1
12.9200,20.00,1.1839,-141316,7.4,0.5096,10.192,1214,-0.0325,1
12.9400,20.00,1.1712,-138791,7.0,0.4970,9.939,1236,-0.0590,1
12.9600,20.00,1.1441,-133364,6.5,0.4979,9.958,1241,-0.0571,1
12.9800,20.00,1.1802,-140584,10.0,0.4716,9.432,1241,-0.1125,1
13.0000,20.00,1.1797,-140493,9.5,0.4584,9.168,1253,-0.1402,1
13.0200,20.00,1.0967,-123894,9.0,0.4940,9.879,1259,-0.0653,1
13.0400,20.00,1.0472,-114000,8.6,0.5204,10.409,1243,-0.0096,1
13.0600,20.00,1.0410,-112748,8.1,0.5418,10.836,1230,0.0354,1
13.0800,20.00,1.0286,-110274,7.6,0.5694,11.387,1221,0.0934,1
13.1000,20.00,1.0223,-109009,7.2,0.5924,11.847,1208,0.1418,1
13.1200,20.00,1.0071,-105975,6.7,0.6111,12.222,1197,0.1813,1
13.1400,20.00,0.9846,-101475,6.3,0.6294,12.588,1188,0.2198,1
13.1600,20.00,1.0117,-106883,5.7,0.6341,12.681,1180,0.2296,1
13.1800,20.00,1.0460,-113748,9.3,0.6303,12.606,1178,0.2217,1
13.2000,20.00,1.1147,-127478,8.8,0.6084,12.168,1179,0.1755,1
13.2200,20.00,1.1265,-129855,8.3,0.5937,11.874,1190,0.1447,1
13.2400,20.00,1.1235,-129252,7.8,0.5830,11.660,1197,0.1221,1
13.2600,20.00,1.1454,-133634,7.4,0.5612,11.223,1201,0.0761,1
13.2800,20.00,1.1641,-137372,6.9,0.5379,10.759,1212,0.0272,1
13.3000,20.00,1.1930,-143150,6.5,0.5101,10.202,1222,-0.0314,1
13.3200,20.00,1.1751,-139556,6.0,0.5000,10.001,1235,-0.0526,1
13.3400,20.00,1.1421,-132972,5.6,0.5008,10.015,1240,-0.0510,1
13.3600,19.99,1.1267,-129877,5.1,0.5041,10.082,1240,-0.0440,1
13.3800,20.00,1.1056,-125677,4.6,0.5120,10.239,1238,-0.0274,1
13.4000,20.00,1.0554,-115633,8.1,0.5363,10.725,1234,0.0237,1
13.4200,20.00,1.0062,-105789,7.6,0.5770,11.540,1223,0.1095,1
13.4400,20.00,0.9857,-101699,7.1,0.6100,12.199,1204,0.1789,1
13.4600,20.00,0.9514,-94840,6.7,0.6403,12.807,1189,0.2428,1
13.4800,20.00,0.9741,-99366,6.2,0.6597,13.194,1175,0.2836,1
13.5000,20.00,0.9740,-99361,5.7,0.6722,13.443,1166,0.3098,1
13.5200,20.00,1.0017,-104896,5.3,0.6768,13.536,1160,0.3196,1
13.5400,20.00,1.0227,-109101,4.9,0.6772,13.544,1158,0.3204,1
13.5600,20.00,1.1068,-125901,4.4,0.6532,13.064,1158,0.2699,1
13.5800,20.00,1.1616,-136863,4.0,0.6234,12.467,1169,0.2071,1
13.6000,20.00,1.1641,-137372,3.5,0.6072,12.144,1183,0.1731,1
13.6200,20.00,1.1687,-138290,7.0,0.5865,11.731,1190,0.1295,1
13.6400,20.00,1.1940,-143342,6.5,0.5563,11.125,1200,0.0658,1
13.6600,20.00,1.1713,-138797,6.0,0.5428,10.856,1214,0.0375,1
13.6800,20.00,1.1342,-131377,5.5,0.5415,10.830,1220,0.0347,1
13.7000,20.00,1.0924,-123024,5.0,0.5517,11.035,1221,0.0563,1
13.7200,20.00,1.0635,-117259,4.6,0.5723,11.446,1216,0.0996,1
13.7400,20.00,1.0728,-119099,4.1,0.5836,11.672,1206,0.1234,1
13.7600,20.00,1.0411,-112761,3.7,0.6038,12.077,1201,0.1660,1
13.7800,20.00,0.9724,-99035,3.3,0.6427,12.853,1192,0.2477,1
13.8000,20.00,0.9722,-99003,2.7,0.6699,13.399,1174,0.3051,1
13.8200,19.99,1.0019,-104928,6.3,0.6837,13.675,1161,0.3342,1
13.8400,20.00,1.0591,-116373,5.8,0.6820,13.639,1155,0.3304,1
13.8600,20.00,1.1013,-124813,5.3,0.6720,13.439,1156,0.3094,1
13.8800,20.00,1.1153,-127599,4.8,0.6617,13.233,1160,0.2877,1
13.9000,20.00,1.1313,-130805,4.4,0.6492,12.984,1165,0.2615,1
13.9200,20.00,1.1809,-140721,3.9,0.6236,12.472,1171,0.2076,1
13.9400,20.00,1.2303,-150594,3.4,0.5856,11.713,1183,0.1277,1
13.9600,20.00,1.2353,-151591,3.0,0.5590,11.181,1200,0.0717,1
13.9800,20.00,1.2253,-149604,2.5,0.5439,10.878,1213,0.0398,1
14.0000,20.00,1.1882,-142190,2.1,0.5426,10.852,1220,0.0371,1
14.0200,20.00,1.1466,-133859,1.6,0.5484,10.968,1220,0.0493,1
14.0400,20.00,1.1208,-128699,5.1,0.5561,11.121,1217,0.0654,1
14.0600,20.00,1.0863,-121806,4.6,0.5711,11.422,1214,0.0970,1
14.0800,20.00,1.0510,-114759,4.2,0.5902,11.803,1207,0.1372,1
14.1000,20.00,1.0168,-107911,3.7,0.6156,12.311,1198,0.1907,1
14.1200,20.00,1.0207,-108693,3.2,0.6383,12.767,1186,0.2386,1
14.1400,20.00,1.0129,-107131,2.7,0.6633,13.266,1176,0.2912,1
14.1600,20.00,1.0289,-110333,2.2,0.6770,13.540,1164,0.3200,1
14.1800,20.00,1.0657,-117693,1.8,0.6816,13.631,1158,0.3296,1
14.2000,20.00,1.1005,-124647,1.4,0.6779,13.557,1156,0.3218,1
14.2200,20.00,1.1245,-129438,0.9,0.6676,13.353,1157,0.3003,1
14.2400,20.00,1.1824,-141023,0.5,0.6448,12.897,1162,0.2523,1
14.2600,20.00,1.2240,-149344,3.9,0.6132,12.264,1173,0.1857,1
14.2800,20.00,1.2679,-158125,3.4,0.5760,11.519,1188,0.1073,1
14.3000,20.00,1.2627,-157078,3.0,0.5488,10.976,1205,0.0501,1
14.3200,20.00,1.2645,-157435,2.5,0.5228,10.456,1217,-0.0046,1
14.3400,20.00,1.2324,-151021,2.0,0.5147,10.295,1229,-0.0216,1
14.3600,20.01,1.1484,-134233,1.6,0.5360,10.720,1233,0.0232,1
14.3800,20.00,1.1004,-124628,1.1,0.5548,11.097,1223,0.0628,1
14.4000,20.00,1.0657,-117688,0.7,0.5766,11.532,1214,0.1086,1
14.4200,20.00,1.0217,-108882,0.2,0.6028,12.055,1205,0.1637,1
14.4400,20.00,1.0013,-104804,11.9,0.6311,12.622,1192,0.2234,1
14.4600,20.00,0.9845,-101462,11.4,0.6613,13.225,1179,0.2869,1
14.4800,20.00,1.0241,-109362,2.7,0.6815,13.630,1165,0.3295,1
14.5000,20.00,1.0442,-113389,2.3,0.6919,13.837,1156,0.3513,1
14.5200,20.00,1.0827,-121097,1.8,0.6932,13.864,1151,0.3541,1
14.5400,20.00,1.1420,-132940,1.3,0.6788,13.575,1150,0.3237,1
14.5600,20.00,1.2199,-148522,0.9,0.6451,12.902,1157,0.2529,1
14.5800,20.00,1.2689,-158318,0.4,0.6065,12.131,1173,0.1717,1
14.6000,20.00,1.2878,-162102,12.1,0.5675,11.350,1191,0.0895,1
14.6200,20.00,1.2869,-161923,11.7,0.5351,10.701,1209,0.0212,1
14.6400,20.00,1.2613,-156792,11.2,0.5168,10.335,1224,-0.0174,1
14.6600,20.00,1.2116,-146853,10.7,0.5199,10.399,1232,-0.0107,1
14.6800,20.00,1.1171,-127968,2.1,0.5497,10.993,1231,0.0519,1
14.7000,20.00,1.0820,-120954,1.6,0.5699,11.397,1217,0.0944,1
14.7200,20.00,1.0705,-118644,1.1,0.5904,11.809,1208,0.1377,1
14.7400,20.00,1.0453,-113612,0.6,0.6116,12.232,1198,0.1824,1
14.7600,20.00,1.0310,-110742,0.1,0.6324,12.648,1188,0.2261,1
14.7800,20.02,1.0085,-106261,8.1,0.6573,13.147,1179,0.2786,1
14.8000,19.98,1.0329,-111127,11.5,0.6772,13.544,1167,0.3204,1
14.8200,20.00,1.0528,-115116,11.0,0.6884,13.767,1158,0.3439,1
14.8400,20.00,1.0915,-122853,10.5,0.6899,13.799,1153,0.3472,1
14.8600,20.00,1.1289,-130328,10.1,0.6826,13.653,1152,0.3319,1
14.8800,20.00,1.2089,-146325,9.6,0.6535,13.071,1155,0.2706,1
14.9000,20.00,1.2822,-160973,0.9,0.6078,12.156,1169,0.1743,1
14.9200,20.00,1.2599,-156511,0.4,0.5852,11.704,1190,0.1268,1
14.9400,20.00,1.2466,-153861,8.2,0.5681,11.362,1201,0.0908,1
14.9600,19.99,1.2184,-148230,7.7,0.5638,11.277,1208,0.0817,1
14.9800,20.00,1.2503,-154603,7.3,0.5411,10.822,1210,0.0339,1
15.0000,20.00,1.2347,-151490,6.9,0.5300,10.600,1221,0.0105,1
15.0200,20.00,1.1865,-141852,10.3,0.5394,10.787,1226,0.0303,1
15.0400,20.00,1.1319,-130919,9.9,0.5611,11.222,1222,0.0760,1
15.0600,20.01,1.0920,-122957,9.4,0.5769,11.538,1212,0.1092,1
15.0800,19.99,1.0803,-120612,8.9,0.5940,11.881,1204,0.1453,1
15.1000,20.00,1.0771,-119963,8.4,0.6101,12.203,1196,0.1792,1
15.1200,20.00,1.0495,-114456,7.9,0.6276,12.553,1189,0.2161,1
15.1400,20.00,1.0636,-117263,7.5,0.6429,12.858,1181,0.2482,1
15.1600,20.00,1.0717,-118893,7.1,0.6544,13.088,1174,0.2725,1
15.1800,20.00,1.0930,-123140,6.6,0.6606,13.213,1168,0.2856,1
15.2000,20.00,1.1139,-127322,6.1,0.6630,13.261,1166,0.2906,1
15.2200,20.00,1.1582,-136176,9.6,0.6563,13.127,1164,0.2765,1
15.2400,20.00,1.1983,-144194,9.2,0.6367,12.735,1167,0.2352,1
15.2600,20.00,1.2311,-150754,8.7,0.6124,12.249,1177,0.1841,1
15.2800,20.00,1.2554,-155622,8.2,0.5836,11.672,1188,0.1233,1
15.3000,20.00,1.2866,-161850,7.7,0.5461,10.921,1201,0.0443,1
15.3200,20.00,1.3092,-166382,7.2,0.5044,10.089,1219,-0.0433,1
15.3400,20.00,1.2866,-161867,6.8,0.4887,9.774,1238,-0.0764,1
15.3600,19.99,1.2465,-153848,6.3,0.4879,9.757,1245,-0.0782,1
15.3800,20.00,1.1902,-142578,5.9,0.5045,10.090,1246,-0.0432,1
15.4000,20.00,1.1527,-135082,5.5,0.5259,10.518,1238,0.0018,1
15.4200,20.00,1.0948,-123515,5.0,0.5485,10.970,1228,0.0494,1
15.4400,20.00,1.0507,-114683,8.4,0.5734,11.469,1217,0.1020,1
15.4600,20.00,1.0061,-105773,8.0,0.6049,12.099,1206,0.1683,1
15.4800,20.00,0.9906,-102672,7.5,0.6361,12.723,1191,0.2340,1
15.5000,20.00,1.0106,-106675,7.0,0.6614,13.228,1177,0.2871,1
15.5200,20.00,1.0592,-116399,6.5,0.6761,13.521,1165,0.3180,1
15.5400,20.00,1.1074,-126021,6.1,0.6771,13.541,1158,0.3201,1
15.5600,20.00,1.1439,-133322,5.6,0.6683,13.367,1158,0.3018,1
15.5800,20.00,1.1924,-143031,5.2,0.6468,12.936,1162,0.2564,1
15.6000,20.00,1.2882,-162169,4.7,0.5957,11.915,1172,0.1489,1
15.6200,20.00,1.3618,-176892,4.3,0.5184,10.369,1196,-0.0138,1
15.6400,20.00,1.3944,-183415,3.9,0.4766,9.531,1231,-0.1020,1
15.6600,20.00,1.3973,-183988,7.3,0.4338,8.677,1251,-0.1919,1
15.6800,20.00,1.3750,-179541,6.8,0.3938,7.876,1271,-0.2762,1
15.7000,20.00,1.3182,-168167,6.3,0.3794,7.588,1289,-0.3065,1
15.7200,20.00,1.2141,-147368,5.9,0.4122,8.243,1296,-0.2375,1
15.7400,20.00,1.1292,-130377,5.4,0.4601,9.201,1281,-0.1367,1
15.7600,20.00,1.0657,-117682,4.9,0.5070,10.141,1259,-0.0378,1
15.7800,20.00,1.0183,-108204,4.5,0.5451,10.901,1237,0.0422,1
15.8000,20.00,0.9618,-96911,4.0,0.5928,11.855,1219,0.1427,1
15.8200,20.00,0.9452,-93603,3.6,0.6325,12.650,1197,0.2264,1
15.8400,20.00,0.9700,-98564,3.1,0.6657,13.314,1179,0.2962,1
15.8600,20.00,0.9998,-104518,6.6,0.6878,13.756,1163,0.3427,1
15.8800,20.01,1.0716,-118865,6.1,0.6911,13.821,1153,0.3496,1
15.9000,20.00,1.1634,-137215,5.7,0.6661,13.321,1151,0.2970,1
15.9200,20.00,1.2377,-152088,5.2,0.6272,12.543,1163,0.2151,1
15.9400,20.00,1.2974,-164025,4.7,0.5719,11.438,1181,0.0987,1
15.9600,20.00,1.3527,-175080,4.3,0.5106,10.212,1207,-0.0303,1
15.9800,20.00,1.4009,-184715,3.7,0.4606,9.211,1235,-0.1356,1
16.0000,20.00,1.3628,-177101,3.4,0.4269,8.537,1258,-0.2066,1
16.0200,20.00,1.3271,-169957,2.9,0.4021,8.042,1274,-0.2587,1
16.0400,20.00,1.2661,-157768,2.4,0.4079,8.158,1285,-0.2465,1
16.0600,20.00,1.1918,-142896,2.0,0.4364,8.727,1283,-0.1866,1
16.0800,20.00,1.1451,-133557,5.5,0.4736,9.472,1269,-0.1082,1
16.1000,20.00,1.0614,-116827,5.0,0.5156,10.312,1252,-0.0197,1
16.1200,20.01,1.0306,-110679,4.5,0.5434,10.867,1233,0.0387,1
16.1400,19.99,1.0429,-113121,4.0,0.5681,11.363,1220,0.0908,1
16.1600,20.00,1.0503,-114616,3.5,0.5877,11.755,1208,0.1321,1
16.1800,20.00,1.0816,-120859,3.1,0.5981,11.962,1199,0.1539,1
16.2000,20.00,1.1093,-126411,2.6,0.6021,12.043,1195,0.1624,1
16.2200,20.00,1.1213,-128803,2.2,0.6032,12.063,1193,0.1646,1
16.2400,20.00,1.1902,-142580,1.7,0.5880,11.760,1192,0.1326,1
16.2600,20.00,1.2634,-157209,1.3,0.5480,10.960,1199,0.0484,1
16.2800,20.00,1.2748,-159503,0.8,0.5131,10.263,1218,-0.0250,1
16.3000,20.00,1.2869,-161925,4.3,0.4829,9.658,1234,-0.0886,1
16.3200,20.00,1.3247,-169469,3.8,0.4503,9.005,1248,-0.1574,1
16.3400,20.00,1.2900,-162543,3.3,0.4342,8.683,1263,-0.1913,1
16.3600,20.00,1.2606,-156650,2.9,0.4292,8.583,1271,-0.2018,1
16.3800,20.00,1.2127,-147079,2.4,0.4415,8.830,1273,-0.1758,1
16.4000,20.00,1.1639,-137316,1.9,0.4683,9.366,1267,-0.1194,1
16.4200,20.00,1.1193,-128406,1.5,0.4975,9.950,1255,-0.0579,1
16.4400,20.00,1.0628,-117112,1.0,0.5251,10.502,1241,0.0002,1
16.4600,20.00,1.0555,-115649,0.6,0.5418,10.836,1228,0.0354,1
16.4800,20.00,1.0695,-118454,0.1,0.5566,11.131,1221,0.0664,1
16.5000,20.00,1.0629,-117124,11.8,0.5746,11.493,1214,0.1045,1
16.5200,20.00,1.1101,-126558,3.1,0.5783,11.566,1205,0.1122,1
16.5400,20.00,1.1495,-134447,2.6,0.5719,11.439,1204,0.0988,1
16.5600,20.00,1.2098,-146510,2.1,0.5491,10.982,1207,0.0508,1
16.5800,20.00,1.2211,-148756,1.7,0.5309,10.618,1217,0.0124,1
16.6000,20.00,1.2388,-152308,1.2,0.5074,10.149,1226,-0.0370,1
16.6200,20.00,1.2757,-159669,0.7,0.4743,9.486,1237,-0.1068,1
16.6400,20.00,1.2724,-159028,0.3,0.4562,9.125,1252,-0.1448,1
16.6600,20.00,1.2803,-160593,12.1,0.4345,8.689,1260,-0.1906,1
16.6800,20.00,1.2704,-158620,11.8,0.4201,8.401,1270,-0.2209,1
16.7000,20.00,1.2273,-149993,11.1,0.4285,8.570,1277,-0.2032,1
16.7200,20.00,1.1633,-137197,2.4,0.4569,9.137,1273,-0.1434,1
16.7400,20.00,1.1493,-134414,2.0,0.4806,9.613,1260,-0.0934,1
16.7600,20.00,1.1224,-129019,1.5,0.4975,9.949,1249,-0.0580,1
16.7800,20.00,1.0716,-118865,1.0,0.5188,10.376,1241,-0.0131,1
16.8000,20.00,1.0462,-113783,0.5,0.5380,10.761,1231,0.0274,1
16.8200,20.00,1.0705,-118655,0.1,0.5485,10.969,1222,0.0494,1
16.8400,20.00,1.0700,-118541,11.8,0.5624,11.249,1217,0.0788,1
16.8600,20.00,1.1193,-128404,11.4,0.5596,11.193,1211,0.0729,1
16.8800,20.00,1.1509,-134719,10.9,0.5509,11.019,1212,0.0546,1
16.9000,20.00,1.1743,-139399,10.4,0.5402,10.805,1216,0.0321,1
16.9200,20.00,1.2064,-145812,9.9,0.5264,10.528,1221,0.0029,1
16.9400,20.00,1.2444,-153418,1.3,0.4958,9.916,1228,-0.0615,1
16.9600,20.00,1.2355,-151646,0.7,0.4835,9.671,1242,-0.0873,1
16.9800,20.00,1.2533,-155209,0.3,0.4625,9.249,1248,-0.1317,1
17.0000,20.00,1.2688,-158292,8.1,0.4368,8.737,1257,-0.1856,1
17.0200,20.00,1.2777,-160069,7.6,0.4142,8.283,1269,-0.2333,1
17.0400,20.00,1.2539,-155315,7.2,0.4090,8.180,1280,-0.2442,1
17.0600,20.00,1.2271,-149954,10.7,0.4146,8.293,1282,-0.2323,1
17.0800,20.00,1.2137,-147273,10.2,0.4207,8.415,1280,-0.2195,1
17.1000,20.00,1.1651,-137554,9.7,0.4455,8.910,1277,-0.1674,1
17.1200,20.00,1.1077,-126094,9.2,0.4830,9.659,1265,-0.0885,1
17.1400,20.00,1.0930,-123144,8.7,0.5018,10.036,1248,-0.0488,1
17.1600,20.00,1.0743,-119417,0.1,0.5157,10.313,1239,-0.0197,1
17.1800,20.00,1.0813,-120807,7.9,0.5227,10.454,1233,-0.0048,1
17.2000,20.00,1.1071,-125959,7.4,0.5245,10.489,1230,-0.0011,1
17.2200,20.00,1.1067,-125878,6.9,0.5286,10.571,1229,0.0075,1
17.2400,20.00,1.1438,-133305,6.5,0.5240,10.481,1227,-0.0020,1
17.2600,20.00,1.1746,-139466,10.0,0.5167,10.334,1229,-0.0175,1
17.2800,20.00,1.2014,-144823,9.5,0.5031,10.063,1232,-0.0460,1
17.3000,20.00,1.2191,-148369,9.0,0.4859,9.719,1239,-0.0822,1
17.3200,20.00,1.2494,-154416,8.5,0.4585,9.170,1246,-0.1400,1
17.3400,20.00,1.2782,-160170,8.1,0.4240,8.480,1259,-0.2126,1
17.3600,20.00,1.2252,-149580,7.6,0.4294,8.588,1275,-0.2013,1
17.3800,20.00,1.2540,-155347,7.2,0.4088,8.175,1273,-0.2447,1
17.4000,20.00,1.2761,-159761,6.7,0.3790,7.580,1282,-0.3074,1
17.4200,20.01,1.2524,-155021,6.3,0.3732,7.464,1296,-0.3196,1
17.4400,20.00,1.1911,-142758,5.8,0.4044,8.088,1299,-0.2539,1
17.4600,20.00,1.1602,-136584,5.4,0.4325,8.649,1284,-0.1948,1
17.4800,20.00,1.1325,-131047,8.8,0.4602,9.204,1271,-0.1364,1
17.5000,20.00,1.0942,-123390,8.3,0.4891,9.782,1259,-0.0756,1
17.5200,20.00,1.0937,-123290,7.9,0.5001,10.003,1245,-0.0523,1
17.5400,20.00,1.1067,-125880,7.4,0.5037,10.074,1240,-0.0449,1
17.5600,20.00,1.1382,-132183,6.9,0.5000,10.000,1238,-0.0527,1
17.5800,20.00,1.1691,-138363,6.4,0.4923,9.846,1240,-0.0688,1
17.6000,20.00,1.1782,-140189,6.0,0.4869,9.737,1243,-0.0803,1
17.6200,20.00,1.2010,-144751,5.6,0.4724,9.448,1246,-0.1108,1
17.6400,20.00,1.2243,-149395,5.1,0.4500,8.999,1253,-0.1580,1
17.6600,20.00,1.2616,-156855,4.7,0.4127,8.253,1263,-0.2365,1
17.6800,20.00,1.2800,-160541,4.2,0.3772,7.544,1281,-0.3111,1
17.7000,20.00,1.2656,-157650,7.6,0.3611,7.222,1297,-0.3451,1
17.7200,20.00,1.2489,-154311,7.2,0.3557,7.114,1304,-0.3564,1
17.7400,20.00,1.2212,-148791,6.7,0.3650,7.301,1307,-0.3367,1
17.7600,20.00,1.1835,-141246,6.3,0.3897,7.795,1303,-0.2847,1
17.7800,20.00,1.0998,-124512,5.7,0.4564,9.128,1291,-0.1444,1
17.8000,20.00,1.0724,-119033,5.3,0.4909,9.819,1260,-0.0717,1
17.8200,20.00,1.0756,-119664,4.8,0.5025,10.050,1244,-0.0474,1
17.8400,20.00,1.0913,-122803,4.4,0.5047,10.094,1239,-0.0428,1
17.8600,20.00,1.1326,-131072,4.0,0.4977,9.955,1238,-0.0574,1
17.8800,20.00,1.1856,-141669,3.5,0.4777,9.553,1241,-0.0997,1
17.9000,20.00,1.2081,-146170,3.1,0.4582,9.164,1250,-0.1406,1
17.9200,20.00,1.2222,-148976,6.5,0.4359,8.718,1259,-0.1876,1
17.9400,20.00,1.2602,-156583,6.0,0.3974,7.948,1270,-0.2686,1
17.9600,20.00,1.2907,-162673,5.6,0.3571,7.142,1288,-0.3535,1
17.9800,20.00,1.2906,-162653,5.1,0.3332,6.663,1306,-0.4039,1
18.0000,20.00,1.2966,-163858,4.6,0.3179,6.357,1317,-0.4361,1
18.0200,20.00,1.2421,-152962,4.1,0.3286,6.571,1324,-0.4135,1
18.0400,20.00,1.1580,-136144,3.7,0.3763,7.526,1320,-0.3131,1
18.0600,20.00,1.1177,-128085,3.2,0.4246,8.492,1297,-0.2114,1
18.0800,20.00,1.0680,-118144,2.7,0.4786,9.572,1275,-0.0976,1
18.1000,20.00,1.0780,-120154,2.3,0.4917,9.834,1250,-0.0701,1
18.1200,20.00,1.0944,-123420,5.8,0.4943,9.886,1244,-0.0646,1
18.1400,20.00,1.1249,-129526,5.3,0.4889,9.778,1243,-0.0760,1
18.1600,20.00,1.1895,-142448,4.9,0.4567,9.134,1245,-0.1438,1
18.1800,20.00,1.1932,-143191,4.4,0.4436,8.873,1260,-0.1713,1
18.2045,24.46,1.2260,-149746,8.3,0.4128,8.256,1266,-0.2362,1
18.2200,15.54,1.2326,-151069,3.4,0.3902,7.803,1280,-0.2839,1
18.2400,20.00,1.2486,-154261,3.0,0.3649,7.298,1291,-0.3370,1
18.2600,20.00,1.2808,-160691,2.5,0.3360,6.720,1303,-0.3979,1
18.2800,20.00,1.1707,-138676,2.1,0.3777,7.553,1316,-0.3102,1
18.3000,20.00,1.2301,-150554,1.6,0.3528,7.057,1297,-0.3624,1
18.3200,20.00,1.2034,-145223,1.2,0.3576,7.152,1308,-0.3524,1
18.3400,20.00,1.1538,-135297,4.6,0.3938,7.875,1306,-0.2763,1
18.3600,20.00,1.1869,-141926,4.2,0.3877,7.754,1289,-0.2891,1
18.3800,20.00,1.1238,-129299,3.7,0.4277,8.555,1292,-0.2048,1
18.4000,20.00,1.1259,-129726,3.2,0.4410,8.820,1274,-0.1769,1
18.4200,20.00,1.1367,-131890,2.7,0.4425,8.850,1267,-0.1737,1
18.4400,20.00,1.1396,-132474,2.3,0.4457,8.915,1267,-0.1669,1
18.4600,20.00,1.1608,-136714,1.8,0.4361,8.722,1265,-0.1871,1
18.4800,20.00,1.1945,-143448,1.4,0.4159,8.318,1270,-0.2297,1
18.5000,20.00,1.2054,-145630,0.9,0.3988,7.975,1279,-0.2658,1
18.5200,20.00,1.2063,-145808,0.5,0.3882,7.765,1287,-0.2879,1
18.5400,20.00,1.2321,-150953,0.0,0.3632,7.263,1292,-0.3407,1
18.5600,20.00,1.1853,-141595,3.5,0.3772,7.545,1304,-0.3111,1
18.5800,20.00,1.2116,-146871,3.0,0.3631,7.262,1297,-0.3409,1
18.6000,20.00,1.1781,-140163,2.5,0.3787,7.573,1304,-0.3081,1
18.6200,20.00,1.1736,-139268,2.0,0.3873,7.746,1296,-0.2899,1
18.6400,20.00,1.1509,-134732,1.6,0.4059,8.119,1292,-0.2507,1
18.6600,20.00,1.1776,-140055,1.1,0.3975,7.951,1284,-0.2683,1
18.6800,20.00,1.1297,-130477,0.7,0.4266,8.532,1288,-0.2072,1
18.7000,20.00,1.1987,-144281,0.2,0.3969,7.939,1274,-0.2696,1
18.7200,20.00,1.1714,-138818,11.9,0.3997,7.995,1288,-0.2637,1
18.7400,20.00,1.1845,-141444,11.5,0.3930,7.859,1287,-0.2780,1
18.7600,20.00,1.1532,-135178,2.7,0.4097,8.195,1290,-0.2427,1
18.7800,20.00,1.2266,-149866,2.3,0.3706,7.413,1282,-0.3250,1
18.8000,20.00,1.1734,-139215,1.8,0.3862,7.724,1300,-0.2922,1
18.8200,20.00,1.1967,-143890,1.4,0.3736,7.473,1293,-0.3186,1
18.8400,20.00,1.1667,-137874,0.9,0.3891,7.782,1299,-0.2861,1
18.8600,20.00,1.1480,-134143,0.4,0.4068,8.136,1292,-0.2488,1
18.8800,20.00,1.1539,-135329,12.2,0.4095,8.189,1283,-0.2432,1
18.9000,20.00,1.1463,-133800,11.7,0.4175,8.350,1282,-0.2264,1
18.9200,20.00,1.1766,-139870,11.3,0.4030,8.061,1278,-0.2568,1
18.9400,20.00,1.1484,-134232,10.7,0.4161,8.321,1285,-0.2293,1
18.9600,20.00,1.1711,-138764,10.3,0.4061,8.121,1279,-0.2504,1
18.9800,20.00,1.2088,-146298,1.6,0.3801,7.602,1284,-0.3051,1
19.0000,20.00,1.1571,-135956,1.1,0.4004,8.007,1296,-0.2624,1
19.0200,20.00,1.2156,-147665,0.7,0.3687,7.374,1286,-0.3290,1
19.0400,20.00,1.1477,-134076,0.2,0.4010,8.019,1301,-0.2612,1
19.0600,20.00,1.1671,-137972,8.0,0.3965,7.930,1286,-0.2705,1
19.0800,20.00,1.1640,-137344,7.6,0.3981,7.963,1288,-0.2671,1
19.1000,19.99,1.1624,-137017,11.0,0.4002,8.004,1287,-0.2628,1
19.1200,20.00,1.1685,-138234,10.5,0.3971,7.942,1286,-0.2692,1
19.1400,20.00,1.1648,-137497,10.1,0.3987,7.974,1288,-0.2659,1
19.1600,20.00,1.1678,-138108,9.6,0.3971,7.942,1287,-0.2693,1
19.1800,20.00,1.1619,-136930,9.1,0.4005,8.010,1288,-0.2621,1
19.2000,20.00,1.1569,-135927,0.5,0.4050,8.101,1286,-0.2526,1
19.2200,20.00,1.1504,-134627,8.2,0.4111,8.223,1284,-0.2397,1
19.2400,20.00,1.1651,-137559,7.7,0.4039,8.079,1281,-0.2549,1
19.2600,20.00,1.1666,-137866,7.3,0.4010,8.020,1285,-0.2611,1
19.2800,20.00,1.1718,-138897,6.9,0.3960,7.920,1286,-0.2716,1
19.3000,20.00,1.1881,-142157,6.4,0.3827,7.655,1288,-0.2995,1
19.3200,20.00,1.1959,-143714,9.8,0.3709,7.419,1295,-0.3244,1
19.3400,20.00,1.1791,-140361,9.4,0.3765,7.530,1300,-0.3126,1
19.3600,20.00,1.1805,-140638,8.9,0.3753,7.506,1297,-0.3152,1
19.3800,20.00,1.2069,-145916,8.4,0.3584,7.167,1298,-0.3508,1
19.4000,20.00,1.1543,-135411,7.9,0.3863,7.726,1306,-0.2920,1
19.4200,20.00,1.1853,-141611,7.5,0.3710,7.421,1293,-0.3241,1
19.4400,20.00,1.1293,-130405,7.0,0.4070,8.141,1300,-0.2484,1
19.4600,20.00,1.1624,-137020,6.6,0.3951,7.902,1283,-0.2734,1
19.4800,20.00,1.1504,-134617,6.2,0.4020,8.040,1289,-0.2590,1
19.5000,20.00,1.1565,-135854,5.7,0.4009,8.019,1285,-0.2612,1
19.5200,20.00,1.1660,-137748,9.2,0.3949,7.898,1286,-0.2739,1
19.5400,20.00,1.1618,-136895,8.7,0.3960,7.921,1289,-0.2715,1
19.5600,20.00,1.1735,-139246,8.2,0.3878,7.757,1288,-0.2888,1
19.5800,20.00,1.1559,-135716,7.7,0.3978,7.956,1292,-0.2678,1
19.6000,20.00,1.1765,-139845,7.3,0.3853,7.707,1287,-0.2940,1
19.6200,20.00,1.1518,-134906,6.7,0.3994,7.987,1293,-0.2645,1
19.6400,20.00,1.1914,-142818,6.3,0.3763,7.526,1287,-0.3131,1
19.6600,20.00,1.1373,-131996,5.9,0.4061,8.121,1297,-0.2504,1
19.6800,20.00,1.2026,-145063,5.4,0.3713,7.426,1284,-0.3235,1
19.7000,20.00,1.1724,-139031,5.0,0.3785,7.569,1300,-0.3085,1
19.7200,20.00,1.2021,-144959,4.5,0.3599,7.198,1296,-0.3476,1
19.7400,20.00,1.1444,-133423,8.0,0.3919,7.838,1305,-0.2802,1
19.7600,20.00,1.2033,-145203,7.5,0.3614,7.228,1290,-0.3444,1
19.7800,20.00,1.1782,-140191,7.1,0.3668,7.337,1304,-0.3330,1
19.8000,20.00,1.1206,-128663,6.8,0.4077,8.154,1302,-0.2469,1
19.8200,20.00,1.1468,-133913,6.1,0.4018,8.037,1283,-0.2593,1
19.8400,20.00,1.1372,-131977,5.6,0.4100,8.199,1285,-0.2422,1
19.8600,20.00,1.1598,-136499,5.2,0.3995,7.991,1282,-0.2641,1
19.8800,20.00,1.1582,-136182,4.7,0.3984,7.967,1287,-0.2666,1
19.9000,20.00,1.1821,-140954,4.3,0.3806,7.612,1287,-0.3040,1
19.9200,20.00,1.1988,-144293,3.8,0.3642,7.283,1295,-0.3386,1
19.9400,20.00,1.1810,-140750,3.4,0.3686,7.371,1303,-0.3294,1
19.9600,20.00,1.1678,-138101,6.8,0.3764,7.528,1301,-0.3129,1
19.9800,20.00,1.1422,-132977,6.4,0.3960,7.920,1297,-0.2716,1
20.0000,20.00,1.1685,-138241,5.9,0.3832,7.664,1288,-0.2985,1
20.0200,20.00,1.1778,-140099,5.4,0.3748,7.495,1294,-0.3163,1
20.0400,20.01,1.1485,-134253,4.9,0.3924,7.848,1298,-0.2791,1
20.0600,19.99,1.1454,-133621,4.5,0.3994,7.988,1290,-0.2644,1
20.0800,20.01,1.1574,-136019,4.0,0.3943,7.886,1287,-0.2752,1
20.1000,20.00,1.1702,-138575,3.6,0.3841,7.683,1289,-0.2965,1
20.1200,20.00,1.1640,-137349,3.1,0.3856,7.713,1294,-0.2934,1
20.1400,20.00,1.1597,-136481,2.7,0.3886,7.773,1293,-0.2871,1
20.1600,20.00,1.1799,-140532,2.2,0.3756,7.513,1292,-0.3144,1
20.1800,20.00,1.1701,-138570,5.7,0.3778,7.557,1298,-0.3098,1
20.2000,20.00,1.1818,-140906,5.2,0.3690,7.380,1297,-0.3284,1
20.2200,20.00,1.1556,-135660,4.7,0.3833,7.667,1301,-0.2982,1
20.2400,20.00,1.1707,-138687,4.3,0.3767,7.534,1294,-0.3122,1
20.2600,20.00,1.1346,-131465,3.7,0.4004,8.008,1297,-0.2623,1
20.2800,20.00,1.1637,-137280,3.3,0.3874,7.748,1286,-0.2897,1
20.3000,20.00,1.1507,-134689,2.9,0.3942,7.885,1292,-0.2753,1
20.3200,20.00,1.1458,-133712,2.4,0.4000,8.000,1289,-0.2632,1
20.3400,20.00,1.1725,-139051,2.0,0.3833,7.666,1286,-0.2983,1
20.3600,20.00,1.1481,-134163,1.5,0.3963,7.926,1294,-0.2709,1
20.3800,20.00,1.1580,-136153,5.0,0.3927,7.853,1288,-0.2786,1
20.4000,20.00,1.1560,-135747,4.5,0.3934,7.867,1290,-0.2771,1
20.4200,20.01,-0.8339,262143,0.0,0.5607,11.213,1289,0.0751,1
20.4400,19.99,1.1605,-136637,3.5,0.5725,11.450,1212,0.1000,1
20.4600,20.00,1.1352,-131578,3.1,0.5861,11.722,1206,0.1286,1
20.4800,20.00,1.1612,-136787,2.6,0.5699,11.397,1200,0.0945,1
20.5000,20.00,1.3197,-168478,2.1,0.4361,8.722,1208,-0.1872,1
20.5200,20.00,1.3262,-169774,1.7,0.4334,8.667,1270,-0.1929,1
20.5400,20.00,1.4192,-188371,1.3,0.3371,6.743,1271,-0.3955,1
20.5600,20.00,1.4821,-200942,0.8,0.2537,5.074,1316,-0.5712,1
20.5800,20.00,1.3445,-173438,0.4,0.2602,5.205,1354,-0.5574,1
20.6000,20.00,1.2779,-160116,3.8,0.2759,5.517,1351,-0.5245,1
20.6200,20.00,1.2817,-160876,3.3,0.2686,5.372,1344,-0.5398,1
20.6400,20.00,1.1844,-141433,2.9,0.3174,6.348,1347,-0.4371,1
20.6600,20.00,0.9762,-99801,2.4,0.4832,9.664,1325,-0.0880,1
20.6800,20.00,0.8447,-73509,1.9,0.5673,11.346,1248,0.0891,1
20.7000,20.00,0.8940,-83359,1.5,0.5891,11.782,1209,0.1350,1
20.7200,20.00,0.8887,-82289,1.0,0.6231,12.462,1199,0.2065,1
20.7400,20.00,1.0459,-113729,0.6,0.5987,11.974,1183,0.1552,1
20.7600,20.00,1.1802,-140588,12.3,0.5145,10.290,1194,-0.0221,1
20.7800,20.00,1.1802,-140588,32.3,0.4954,9.908,1194,-0.0623,1
20.8000,20.00,1.1802,-140588,52.3,0.4796,9.592,1194,-0.0956,1
20.8200,20.00,1.1802,-140588,72.3,0.4619,9.238,1194,-0.1329,1
20.8400,20.00,1.1802,-140588,92.3,0.4463,8.926,1194,-0.1657,1
